SANTA MARIA PUBLIC;C-208;Aborted Take-off;05/04/2005;229628;No;1;WESTAIR;California;Take-off run;Large;Turkey vulture;755;Y;1;0;0;0;0;0;85
CHEFORNAK ARPT;C-207 SKYWAG;None;8/20/2010;305768;No;1;BUSINESS;Alaska;Landing Roll;Large;Greater white-fronted goose;1730;Y;1;0;0;0;0;0;80
GRAND FORKS INTL;C-172;Precautionary Landing;08/06/2010;304593;Caused;1;BUSINESS;North Dakota;Take-off run;Medium;Ring-necked pheasant;2000;N;1;0;0;0;0;0;55
ADAMS FIELD ARPT;EMB-145;Aborted Take-off;06/07/2005;232031;No;2;AMERICAN EAGLE AIRLINES;Arkansas;Take-off run;Small;Unknown bird;1800;N;1;0;0;0;0;0;75
BOB HOPE ARPT;A-319;Aborted Take-off;10/18/2007;251436;No;2;SKYBUS AIRLINES;California;Take-off run;Small;Unknown bird;1818;N;1;1111;0;1111;0;0;80
CHICAGO MIDWAY INTL ARPT;B-737-800;Aborted Take-off;7/20/2005;231793;No;2;ATA AIRLINES;Illinois;Take-off run;Medium;Ring-billed gull;1308;Y;1;0;0;0;0;0;120
CHICAGO MIDWAY INTL ARPT;B-737-800;Aborted Take-off;3/25/2005;232640;No;2;ATA AIRLINES;Illinois;Take-off run;Small;Rock pigeon;1506;Y;1;0;0;0;0;0;60
GENERAL WM J FOX AIRFIELD;BE-99;Aborted Take-off;05/08/2010;301285;No;2;AMERIFLIGHT;California;Take-off run;Small;Gulls;1020;N;1;0;0;0;0;0;35
HONOLULU INTL ARPT;B-737-200;Aborted Take-off;08/12/2011;314624;No;2;ALOHA AIR CARGO;Hawaii;Take-off run;Small;Barn owl;2330;Y;1;0;0;0;0;0;100
JACKSONVILLE INTL;ATR-72;Aborted Take-off;8/20/2006;244764;No;2;AMERICAN EAGLE AIRLINES;Florida;Take-off run;Medium;Great egret;900;Y;1;0;0;0;0;0;150
KANSAS CITY INTL;B-717-200;Aborted Take-off;09/05/2005;233622;No;2;AIRTRAN AIRWAYS;Missouri;Take-off run;Small;Horned lark;1620;Y;1;0;0;0;0;0;120
MARTHAS VINEYARD;C-402;Aborted Take-off;11/12/2010;308859;No;2;CAPE AIR;Massachusetts;Take-off run;Small;Unknown bird;1205;N;1;0;0;0;0;0;70
RICHMOND INTL;EMB-145;Aborted Take-off;7/28/2005;236966;No;2;TRANS STATES AIRLINES;Virginia;Take-off run;Medium;Mallard;655;N;1;0;0;0;0;0;85
SARASOTA-BRADENTON;B-737-700;Aborted Take-off;02/04/2007;249245;No;2;AIRTRAN AIRWAYS;Florida;Take-off run;Small;Cattle egret;1145;N;1;0;0;0;0;0;105
SOUTHWEST FLORIDA INTL ARPT;B-717-200;Aborted Take-off;01/06/2005;223749;No;2;AIRTRAN AIRWAYS;Florida;Take-off run;Small;Least sandpiper;1717;Y;1;0;0;0;0;0;115
ABERDEEN REGIONAL AR;SAAB-340;None;04/10/2009;263280;No;2;MESABA AIRLINES;South Dakota;Landing Roll;Medium;Cooper's hawk;2240;Y;1;0;0;0;0;0;85
ALBANY INTL;BE-1900;None;07/10/2006;248201;No;2;COMMUTAIR;New York;Landing Roll;Small;Mourning dove;1855;Y;1;0;0;0;0;0;100
ALBUQUERQUE INTL;B-737-700;None;7/25/2010;303711;No;2;SOUTHWEST AIRLINES;New Mexico;Landing Roll;Small;Unknown bird;1710;Y;1;0;0;0;0;0;135
BALTIMORE WASH INTL;B-737-300;None;9/30/2009;267564;No;2;SOUTHWEST AIRLINES;Maryland;Take-off run;Small;Unknown bird;1745;N;1;0;0;0;0;0;100
BILLINGS LOGAN INTL;BE-1900;None;05/07/2009;262914;No;2;GREAT LAKES AIRLINES;Montana;Landing Roll;Small;Unknown bird;706;N;1;0;0;0;0;0;80
BLUE GRASS ARPT;CL-RJ100/200;None;8/17/2007;251070;No;2;SKYWEST AIRLINES;Kentucky;Take-off run;Small;Unknown bird;1714;N;1;0;0;0;0;0;130
BOB HOPE ARPT;B-737-300;None;7/15/2009;260821;No;2;SOUTHWEST AIRLINES;California;Landing Roll;Small;Pigeons;836;N;1;264;0;264;0;0;120
BOB HOPE ARPT;B-737-300;None;9/22/2006;240856;No;2;SOUTHWEST AIRLINES;California;Landing Roll;Small;Rock pigeon;1700;Y;1;0;0;0;0;0;130
BOB HOPE ARPT;B-737-700;None;8/16/2011;315642;No;2;SOUTHWEST AIRLINES;California;Landing Roll;Small;Rock pigeon;2220;Y;1;0;0;0;0;0;120
BOISE AIR TERMINAL/GOWEN FIELD;B-737-300;None;12/30/2007;251763;Caused;2;SOUTHWEST AIRLINES;Idaho;Landing Roll;Medium;Red-tailed hawk;1318;N;1;0;0;0;0;0;100
BRADLEY INTL;B-737-700;None;8/21/2006;240181;No;2;SOUTHWEST AIRLINES;Connecticut;Taxi;Small;Unknown bird;1145;N;1;0;0;0;0;0;25
BRANSON ARPT;B-717-200;None;11/24/2010;308647;No;2;AIRTRAN AIRWAYS;Missouri;Landing Roll;Medium;Ring-billed gull;1145;N;1;0;0;0;0;0;85
CLEVELAND-HOPKINS INTL ARPT;B-737-700;None;6/23/2009;264631;No;2;SOUTHWEST AIRLINES;Ohio;Landing Roll;Small;American kestrel;1941;Y;1;0;0;0;0;0;140
COLORADO SPRINGS MUNICIPAL;MD-83;None;07/03/2011;313418;No;2;ALLEGIANT AIR;Colorado;Landing Roll;Small;Horned lark;848;N;1;0;0;0;0;0;100
DAYTONA BEACH INTL;DIAMOND 42;None;11/17/2010;308596;No;2;BUSINESS;Florida;Landing Roll;Large;Armadillo;1945;N;1;0;0;0;0;0;90
DENVER INTL AIRPORT;A-319;None;07/10/2008;258807;No;2;FRONTIER AIRLINES;Colorado;Take-off run;Small;Unknown bird;632;N;1;0;0;0;0;0;130
DENVER INTL AIRPORT;A-319;None;09/03/2005;233998;No;2;FRONTIER AIRLINES;Colorado;Take-off run;Small;Unknown bird;715;N;1;0;0;0;0;0;150
DENVER INTL AIRPORT;B-737-700;None;6/30/2009;261599;No;2;SOUTHWEST AIRLINES;Colorado;Landing Roll;Medium;Unknown bird;755;Y;1;0;316;316;0;0;135
DENVER INTL AIRPORT;A-318;None;10/19/2007;253075;No;2;FRONTIER AIRLINES;Colorado;Take-off run;Small;Unknown bird;930;N;1;0;0;0;0;0;140
DENVER INTL AIRPORT;A-319;None;09/08/2007;249497;No;2;FRONTIER AIRLINES;Colorado;Take-off run;Small;Unknown bird;1000;Y;1;0;0;0;0;0;150
DENVER INTL AIRPORT;A-319;None;07/11/2009;262526;Caused;2;FRONTIER AIRLINES;Colorado;Take-off run;Small;Unknown bird;1003;Y;1;0;0;0;0;0;140
DENVER INTL AIRPORT;A-319;None;9/21/2009;268260;No;2;FRONTIER AIRLINES;Colorado;Take-off run;Small;Unknown bird;1058;N;1;0;0;0;0;0;150
DENVER INTL AIRPORT;A-319;None;12/30/2007;253526;No;2;FRONTIER AIRLINES;Colorado;Take-off run;Small;Horned lark;1140;Y;1;0;0;0;0;0;105
DENVER INTL AIRPORT;A-319;None;3/17/2009;260939;No;2;FRONTIER AIRLINES;Colorado;Take-off run;Small;Unknown bird;1215;Y;1;0;0;0;0;0;140
DENVER INTL AIRPORT;A-319;None;07/10/2008;258808;No;2;FRONTIER AIRLINES;Colorado;Take-off run;Medium;Unknown bird;1345;N;1;0;0;0;0;0;145
DENVER INTL AIRPORT;A-319;None;06/03/2010;302845;No;2;FRONTIER AIRLINES;Colorado;Take-off run;Medium;Unknown bird;1548;Y;1;0;0;0;0;0;130
DENVER INTL AIRPORT;MD-82;None;8/14/2011;314686;No;2;AMERICAN AIRLINES;Colorado;Take-off run;Small;Western kingbird;1800;Y;1;0;0;0;0;0;140
DENVER INTL AIRPORT;A-319;None;06/04/2006;240741;No;2;FRONTIER AIRLINES;Colorado;Take-off run;Small;Unknown bird;1810;N;1;0;0;0;0;0;140
EL PASO INTL ARPT;B-737-300;None;06/08/2008;254634;No;2;SOUTHWEST AIRLINES;Texas;Landing Roll;Large;Unknown bird;1539;N;1;0;0;0;0;0;120
EL PASO INTL ARPT;B-737-700;None;4/15/2007;242604;No;2;SOUTHWEST AIRLINES;Texas;Landing Roll;Small;Unknown bird;1940;N;1;0;0;0;0;0;100
GERALD R FORD INTL;CL-RJ700;None;07/01/2010;304008;No;2;SKYWEST AIRLINES;Michigan;Landing Roll;Small;Bobolink;2030;Y;1;0;0;0;0;0;80
GULFPORT BILOXI REGIONAL;EMB-145;None;12/14/2010;309352;No;2;EXPRESSJET (CONTINENTAL EXPRS);Mississippi;Landing Roll;Small;Tree swallow;1354;N;1;0;0;0;0;0;120
HILO INTL ARPT;B-717-200;None;9/14/2011;316075;No;2;HAWAIIAN AIR;Hawaii;Landing Roll;Small;Pacific golden-plover;804;N;1;0;0;0;0;0;110
HILO INTL ARPT;SHORTS 360;None;2/16/2011;309959;No;2;TRANS AIR;Hawaii;Take-off run;Small;Zebra dove;1620;Y;1;0;0;0;0;0;80
HOUSTON-HOBBY;B-737-300;None;7/16/2010;303736;No;2;SOUTHWEST AIRLINES;Texas;Landing Roll;Small;Doves;730;N;1;0;0;0;0;0;120
HOUSTON-HOBBY;B-737-700;None;4/19/2007;245795;No;2;SOUTHWEST AIRLINES;Texas;Take-off run;Small;Unknown bird;740;N;1;0;0;0;0;0;135
HOUSTON-HOBBY;B-737-300;None;07/01/2006;240504;No;2;SOUTHWEST AIRLINES;Texas;Landing Roll;Medium;Unknown bird;2030;N;1;0;0;0;0;0;120
HUNTSVILLE INTL;EMB-170;None;08/03/2011;315417;No;2;REPUBLIC AIRLINES;Alabama;Take-off run;Small;American kestrel;630;N;1;0;0;0;0;0;140
IDAHO FALLS REGIONAL ARPT;CL-RJ100/200;None;07/02/2006;236858;No;2;SKYWEST AIRLINES;Idaho;Landing Roll;Small;Western meadowlark;1223;N;1;0;0;0;0;0;80
INDIANAPOLIS INTL;B-737-700;None;06/02/2008;248509;No;2;SOUTHWEST AIRLINES;Indiana;Landing Roll;Small;Red-winged blackbird;740;N;1;0;0;0;0;0;120
INDIANAPOLIS INTL;B-737-700;None;4/17/2009;263546;No;2;SOUTHWEST AIRLINES;Indiana;Landing Roll;Small;Unknown bird;1655;N;1;0;0;0;0;0;60
JACKSON EVERS INTL;B-737-300;None;06/04/2010;302466;No;2;SOUTHWEST AIRLINES;Mississippi;Landing Roll;Small;Barn swallow;950;N;1;0;0;0;0;0;130
JACKSON EVERS INTL;A-319;None;8/21/2010;304687;No;2;US AIRWAYS;Mississippi;Landing Roll;Small;Swallows;1603;Y;1;0;0;0;0;0;110
JACKSONVILLE INTL;B-737-700;None;10/29/2006;247283;No;2;SOUTHWEST AIRLINES;Florida;Landing Roll;Small;Unknown bird;1217;Y;1;0;0;0;0;0;130
JAMES M COX DAYTON INTL;CL-RJ100/200;None;10/05/2007;248135;No;2;SKYWEST AIRLINES;Ohio;Landing Roll;Small;Unknown bird;850;Y;1;0;0;0;0;0;140
KANSAS CITY INTL;B-737-300;None;09/09/2010;307079;No;2;SOUTHWEST AIRLINES;Missouri;Landing Roll;Small;Killdeer;1150;Y;1;0;0;0;0;0;120
KAPALUA ARPT;DHC8 DASH 8;None;4/27/2005;229222;No;2;ISLAND AIR;Hawaii;Landing Roll;Small;Unknown bird;1337;N;1;0;0;0;0;0;90
KAPALUA ARPT;DHC8 DASH 8;None;10/13/2009;265812;No;2;ISLAND AIR;Hawaii;Landing Roll;Small;Spotted dove;1520;Y;1;0;0;0;0;0;85
KAPALUA ARPT;DHC8 DASH 8;None;10/13/2009;268657;No;2;ISLAND AIR;Hawaii;Landing Roll;Small;Red-crested cardinal;1711;Y;1;0;0;0;0;0;90
LAMBERT-ST LOUIS INTL;C-402;None;07/07/2011;314094;No;2;CAPE AIR;Missouri;Landing Roll;Small;Unknown bird;705;Y;1;50;0;50;0;0;15
LAMBERT-ST LOUIS INTL;B-737-300;None;6/16/2011;312575;No;2;SOUTHWEST AIRLINES;Missouri;Landing Roll;Small;Killdeer;1607;Y;1;1;0;1;0;0;120
LOGAN INTL;C-402;None;8/16/2010;305724;No;2;CAPE AIR;Massachusetts;Take-off run;Small;European starling;925;N;1;205;0;205;0;0;80
LONG ISLAND MAC ARTHUR;B-737-700;None;8/18/2009;263400;No;2;SOUTHWEST AIRLINES;New York;Landing Roll;Small;Mourning dove;950;Y;1;0;0;0;0;0;85
LOS ANGELES INTL;A-319;None;11/10/2010;309058;Caused;2;FRONTIER AIRLINES;California;Landing Roll;Small;Green-winged teal;815;N;1;0;103;103;0;0;100
LOUISVILLE INTL ARPT;B-737-300;None;12/07/2010;309521;No;2;SOUTHWEST AIRLINES;Kentucky;Landing Roll;Small;Unknown bird;1829;Y;1;0;0;0;0;0;135
MERCED MUNICIPAL;BE-1900;None;12/06/2011;319657;No;2;GREAT LAKES AIRLINES;California;Landing Roll;Medium;Ring-necked pheasant;1900;N;1;0;0;0;0;0;80
MINETA SAN JOSE INTL;EMB-135;None;6/28/2011;313301;No;2;ADI SHUTTLE GROUP;California;Landing Roll;Small;Cliff swallow;754;Y;1;0;0;0;0;0;100
MINETA SAN JOSE INTL;CL-RJ100/200;None;12/28/2006;245612;No;2;SKYWEST AIRLINES;California;Landing Roll;Small;Burrowing owl;1747;N;1;0;0;0;0;0;110
MOBILE REGIONAL;EMB-145;None;03/03/2009;261486;No;2;EXPRESSJET (CONTINENTAL EXPRS);Alabama;Landing Roll;Small;Unknown bird;2340;Y;1;0;0;0;0;0;125
NASHVILLE INTL;B-737-300;None;7/29/2010;303282;No;2;SOUTHWEST AIRLINES;Tennessee;Take-off run;Small;European starling;1802;Y;1;0;0;0;0;0;145
NASHVILLE INTL;B-737-300;None;09/01/2008;258888;No;2;SOUTHWEST AIRLINES;Tennessee;Take-off run;Small;Unknown bird;1930;N;1;0;0;0;0;0;110
NATRONA COUNTY INTL;CL-RJ100/200;None;7/20/2010;303231;No;2;SKYWEST AIRLINES;Wyoming;Landing Roll;Small;Unknown bird;900;N;1;0;0;0;0;0;100
NORFOLK INTL;B-737-700;None;6/20/2008;254675;No;2;SOUTHWEST AIRLINES;Virginia;Landing Roll;Small;Laughing gull;1745;N;1;0;0;0;0;0;135
NW ARKANSAS REGIONAL;CL-RJ700;None;4/30/2010;301454;No;2;AMERICAN EAGLE AIRLINES;Arkansas;Landing Roll;Small;Unknown bird;1522;N;1;0;0;0;0;0;90
ORLANDO INTL;B-737-700;None;04/01/2011;311231;No;2;SOUTHWEST AIRLINES;Florida;Landing Roll;Small;Tree swallow;1445;Y;1;0;0;0;0;0;130
OUTAGAMIE COUNTY REGIONAL;CL-RJ100/200;None;11/24/2009;267301;No;2;PINNACLE;Wisconsin;Landing Roll;Small;Snow bunting;1130;N;1;0;0;0;0;0;170
OXNARD ARPT;EMB-120;None;1/14/2006;237655;No;2;SKYWEST AIRLINES;California;Landing Roll;Medium;Red-tailed hawk;1520;N;1;0;0;0;0;0;60
ROCHESTER INTL;EMB-145;None;08/06/2008;257357;No;2;AMERICAN EAGLE AIRLINES;Minnesota;Take-off run;Small;Unknown bird;720;N;1;0;0;0;0;0;125
SACRAMENTO INTL;B-737-700;None;9/19/2010;307271;No;2;SOUTHWEST AIRLINES;California;Take-off run;Medium;Red-tailed hawk;735;N;1;0;0;0;0;0;150
SALT LAKE CITY INTL;B-737-800;None;4/18/2008;251953;No;2;DELTA AIR LINES;Utah;Take-off run;Medium;Unknown bird;1130;N;1;0;0;0;0;0;120
SALT LAKE CITY INTL;CL-RJ100/200;None;4/21/2007;245164;No;2;SKYWEST AIRLINES;Utah;Take-off run;Small;Unknown bird;1130;N;1;0;0;0;0;0;130
SALT LAKE CITY INTL;B-737-700;None;5/20/2010;302404;No;2;SOUTHWEST AIRLINES;Utah;Take-off run;Small;Unknown bird;1227;N;1;308;0;308;0;0;100
SITKA ROCKY GUTIERREZ ARPT;B-737-400;None;12/12/2007;250725;No;2;ALASKA AIRLINES;Alaska;Landing Roll;Large;Bald eagle;1140;N;1;0;0;0;0;0;180
UNKNOWN;CL-601/604;None;8/16/2010;305737;No;2;BUSINESS;N/A;Take-off run;Small;Doves;815;N;1;154;0;154;0;0;120
WESTCHESTER COUNTY ARPT;EMB-145;None;3/24/2009;261816;No;2;AMERICAN EAGLE AIRLINES;New York;Take-off run;Small;Unknown bird;955;N;1;0;0;0;0;0;129
YAMPA VALLEY;CL-RJ700;None;03/09/2009;258851;No;2;SKYWEST AIRLINES;Colorado;Landing Roll;Small;Horned lark;1235;N;1;0;0;0;0;0;100
BRANSON ARPT;EMB-145;Other;06/05/2010;302562;No;2;EXPRESSJET (CONTINENTAL EXPRS);Missouri;Landing Roll;Small;Killdeer;940;N;1;0;0;0;0;0;85
CHICAGO O'HARE INTL ARPT;B-737-700;Other;08/05/2011;315446;No;2;AMERICAN AIRLINES;Illinois;Take-off run;Small;Unknown bird;511;Y;1;250;0;250;0;0;140
DAYTONA BEACH INTL;MD-88;Other;09/05/2008;258303;No;2;DELTA AIR LINES;Florida;Landing Roll;Small;Barn swallow;1115;N;1;0;0;0;0;0;100
DENVER INTL AIRPORT;CL-RJ100/200;Other;02/08/2008;258153;No;2;SKYWEST AIRLINES;Colorado;Landing Roll;Small;Unknown bird;925;Y;1;0;0;0;0;0;130
HUNTSVILLE INTL;MD-83;Other;7/30/2009;264138;No;2;AMERICAN AIRLINES;Alabama;Landing Roll;Medium;Unknown bird;1153;N;1;0;0;0;0;0;130
NASHVILLE INTL;B-737-300;Other;08/04/2011;314583;No;2;SOUTHWEST AIRLINES;Tennessee;Take-off run;Small;Rock pigeon;702;Y;1;0;0;0;0;0;115
NORFOLK INTL;EMB-170;Other;04/12/2007;242013;Caused;2;REPUBLIC AIRLINES;Virginia;Landing Roll;Medium;Ring-billed gull;916;Y;1;0;0;0;0;0;140
SOUTHWEST FLORIDA INTL ARPT;MD-88;Other;8/27/2009;266931;No;2;DELTA AIR LINES;Florida;Landing Roll;Small;Barn swallow;1718;Y;1;0;0;0;0;0;120
ADDISON;C-560;Precautionary Landing;8/21/2006;241764;No;2;FLIGHT OPTIONS;Texas;Take-off run;Small;Unknown bird;839;N;1;0;0;0;0;0;90
DENVER INTL AIRPORT;A-319;Precautionary Landing;10/18/2009;267200;No;2;FRONTIER AIRLINES;Colorado;Take-off run;Small;Unknown bird;939;N;1;0;0;0;0;0;140
KAHULUI ARPT;SHORTS 360;Precautionary Landing;12/13/2008;260987;No;2;TRANS AIR;Hawaii;Take-off run;Small;Pacific golden-plover;1620;Y;1;0;0;0;0;0;105
PHILADELPHIA INTL;B-737-400;Precautionary Landing;07/09/2008;255232;No;2;US AIRWAYS*;Pennsylvania;Take-off run;Small;European starling;1714;Y;1;0;0;0;0;0;150
SACRAMENTO INTL;B-737-700;Precautionary Landing;8/14/2010;305288;No;2;SOUTHWEST AIRLINES;California;Take-off run;Small;Cliff swallow;730;Y;1;0;0;0;0;0;130
CINCINNATI/NORTHERN KENTUCKY INTL ARPT;B-727-200;None;7/29/2005;228976;No;3;ASTAR AIR CARGO;Kentucky;Landing Roll;Small;Unknown bird;245;N;1;53;0;53;0;0;120
CINCINNATI/NORTHERN KENTUCKY INTL ARPT;B-727-200;None;1/29/2005;233193;No;3;ASTAR AIR CARGO;Kentucky;Landing Roll;Small;Short-eared owl;547;Y;1;53;0;53;0;0;110
MC CLELLAN AIRFIELD;LOCKHEED C-130;Aborted Take-off;2/24/2011;310404;No;4;GOVERNMENT;California;Take-off run;Small;Unknown bird;1520;N;1;0;0;0;0;0;95
AIRBORNE AIRPARK;DC-8-70;None;07/11/2005;235476;No;4;ASTAR AIR CARGO;Ohio;Landing Roll;Small;Unknown bird;1100;N;1;53;0;53;0;0;110
GEORGE BUSH INTERCONTINENTAL;DC-8-70;None;11/17/2005;241430;No;4;ASTAR AIR CARGO;Texas;Landing Roll;Small;Unknown bird;1746;N;1;53;0;53;0;0;130
MC CLELLAN AIRFIELD;LOCKHEED C-130;None;3/16/2011;310489;No;4;GOVERNMENT;California;Landing Roll;Small;Unknown bird;1715;N;1;0;0;0;0;0;100
BOB SIKES ARPT;BE-58  BARON;None;7/16/2011;313532;Caused;2;PRIVATELY OWNED;Florida;Landing Roll;Large;White-tailed deer;2015;N;1056;0;30;30;0;0;80
CECIL ARPT;CIRRUS SR 20/22;Aborted Take-off;11/09/2010;308500;Caused;1;BUSINESS;Florida;;Large;White-tailed deer;1947;Y;1176;0;10267;10267;0;0;70
GAINESVILLE REG ARPT;CL-RJ100/200;Aborted Take-off;7/24/2008;258774;No;2;PSA AIRLINES;Florida;Take-off run;Small;Mourning dove;845;N;2;0;0;0;0;0;90
CENTENNIAL ARPT;LEARJET-35;None;12/25/2006;246071;No;2;BUSINESS;Colorado;Landing Roll;Small;Unknown bird;1200;N;2;570;0;570;0;0;100
CHARLOTTE/DOUGLAS INTL ARPT;A-321;None;12/27/2011;319573;No;2;US AIRWAYS;North Carolina;Landing Roll;Small;Mourning dove;1735;Y;2;0;0;0;0;0;120
DENVER INTL AIRPORT;A-318;None;9/26/2005;238582;No;2;FRONTIER AIRLINES;Colorado;Take-off run;Small;Unknown bird;1204;N;2;0;0;0;0;0;125
DENVER INTL AIRPORT;B-737-300;None;12/23/2011;319565;Caused;2;SOUTHWEST AIRLINES;Colorado;Take-off run;Medium;Ferruginous hawk;1300;N;2;0;200;200;0;0;140
HILO INTL ARPT;CL-RJ100/200;None;11/17/2008;261206;No;2;MESA AIRLINES;Hawaii;Landing Roll;Small;Pacific golden-plover;725;N;2;0;0;0;0;0;120
KANSAS CITY INTL;B-737-300;None;10/27/2009;266804;No;2;SOUTHWEST AIRLINES;Missouri;Take-off run;Medium;Unknown bird;1910;Y;2;0;0;0;0;0;100
NASHVILLE INTL;A-319;None;7/30/2007;247122;No;2;FRONTIER AIRLINES;Tennessee;Landing Roll;Small;Unknown bird;1125;N;2;0;0;0;0;0;105
ORLANDO INTL;B-737-700;None;3/17/2009;257762;Caused;2;SOUTHWEST AIRLINES;Florida;Landing Roll;Large;Bald eagle;855;Y;2;0;0;0;0;0;120
ORLANDO INTL;B-717-200;None;06/11/2011;313052;Caused;2;AIRTRAN AIRWAYS;Florida;Take-off run;Small;Cattle egret;1640;Y;2;0;0;0;0;0;95
PALMDALE REGIONAL ARPT;CL-RJ100/200;None;8/29/2007;249128;No;2;SKYWEST AIRLINES;California;Landing Roll;Small;Horned lark;1830;N;2;0;0;0;0;0;100
SANTA FE MUNICIPAL;BE-1900;None;12/05/2006;243049;No;2;GREAT LAKES AIRLINES;New Mexico;Landing Roll;Small;Horned lark;1158;N;2;0;0;0;0;0;50
TULSA INTL;B-737-300;None;7/21/2006;245323;Caused;2;SOUTHWEST AIRLINES;Oklahoma;Landing Roll;Small;Mourning dove;2030;N;2;0;0;0;0;0;100
DAYTONA BEACH INTL;CL-RJ700;Other;8/22/2010;305813;No;2;ATLANTIC SOUTHEAST;Florida;Landing Roll;Small;Barn swallow;1725;N;2;308;0;308;0;0;90
SUGAR LAND REGIONAL ARPT;C-680;Other;10/25/2011;318655;No;2;BUSINESS;Texas;Landing Roll;Small;Mourning dove;840;N;1;500;0;500;0;0;60
DUPAGE AIRPORT;LEARJET-60;Precautionary Landing;11/04/2007;255784;No;2;BUSINESS;Illinois;Take-off run;Large;Coyote;1600;Y;2;0;0;0;0;0;150
DES MOINES INTL;B-727-200;Aborted Take-off;10/01/2005;232034;No;3;FEDEX EXPRESS;Iowa;Take-off run;Small;European starling;752;Y;2;0;0;0;0;0;130
MC CLELLAN AIRFIELD;LOCKHEED C-130;Engine Shut Down;11/02/2011;318751;No;4;GOVERNMENT;California;Take-off run;Small;Western meadowlark;1015;N;2;0;0;0;0;0;90
HENRY E ROHLSEN ARPT;DC-8;Other;8/29/2010;304754;Caused;4;GOVERNMENT;Virgin Islands;Taxi;Small;Cattle egret;941;N;2;0;0;0;0;0;10
LIVINGSTON COUNTY SPENCER J HARDY;MOONEY M20;Aborted Take-off;07/05/2008;257475;Caused;1;BUSINESS;Michigan;Take-off run;Large;White-tailed deer;2030;N;288;0;7576;7576;0;0;60
OCONEE COUNTY REGIONAL ARPT;PA-46 MALIBU;Other;4/24/2010;300321;Caused;1;PRIVATELY OWNED;South Carolina;Take-off run;Large;White-tailed deer;2245;N;2976;0;262838;262838;0;0;65
DALLAS/FORT WORTH INTL ARPT;A-319;Aborted Take-off;09/04/2011;316018;Caused;2;VIRGIN AMERICA;Texas;Take-off run;Small;Rock pigeon;811;Y;3;0;0;0;0;0;115
EL MONTE ARPT;PA-31 NAVAJO;Aborted Take-off;09/07/2005;232524;No;2;AMERIFLIGHT;California;Take-off run;Small;Rock pigeon;1630;Y;3;820;0;820;0;0;85
MINETA SAN JOSE INTL;EMB-135;Aborted Take-off;10/25/2006;242462;No;2;AMERICAN EAGLE AIRLINES;California;Take-off run;Small;Unknown bird;845;N;3;0;0;0;0;0;80
AMARILLO INTL;EMB-145;None;11/17/2010;308597;Caused;2;AMERICAN EAGLE AIRLINES;Texas;Landing Roll;Large;Coyote;2150;N;3;0;0;0;0;0;120
CHEYENNE REGIONAL ARPT;EMB-145;None;09/07/2010;307019;No;2;AMERICAN EAGLE AIRLINES;Wyoming;Landing Roll;Small;Horned lark;1340;Y;3;0;0;0;0;0;100
FORT LAUDERDALE/HOLLYWOOD INTL;B-737-700;None;11/23/2006;244001;No;2;AIRTRAN AIRWAYS;Florida;Landing Roll;Small;Cattle egret;1103;Y;3;0;0;0;0;0;100
HARRISBURG INTL;A-319;None;08/07/2010;304601;No;2;US AIRWAYS;Pennsylvania;Take-off run;Small;Swallows;918;Y;3;0;0;0;0;0;125
MC CLELLAN AIRFIELD;BE-300 KING;None;8/18/2007;249581;No;2;BUSINESS;California;Take-off run;Small;Unknown bird;650;N;3;833;0;833;0;0;100
RICHARD LLOYD JONES JR ARPT;BE-90  KING;None;09/04/2011;316730;No;2;BUSINESS;Oklahoma;Take-off run;Small;Mourning dove;1630;N;3;0;0;0;0;0;100
SOUTHWEST FLORIDA INTL ARPT;MD-88;None;07/12/2005;234438;No;2;DELTA AIR LINES;Florida;Landing Roll;Large;American alligator;2300;Y;3;0;0;0;0;0;110
KAPALUA ARPT;DHC8 DASH 8;Other;6/30/2010;302673;No;2;ISLAND AIR;Hawaii;Landing Roll;Small;Zebra dove;1513;Y;1;1027;0;1027;0;0;105
RONALD REAGAN WASHINGTON NATL;A-319;Other;07/01/2006;238411;No;2;FRONTIER AIRLINES;DC;Landing Roll;Small;Unknown bird;1705;N;3;0;0;0;0;0;138
WORCESTER REGIONAL;B-737-400;Other;07/10/2010;303163;No;2;XTRA AIRWAYS;Massachusetts;Landing Roll;Small;Barn swallow;1658;N;1;154;0;154;0;0;135
GERALD R FORD INTL;CL-RJ100/200;Precautionary Landing;3/23/2007;247684;Caused;2;COMAIR AIRLINES;Michigan;Parked;Small;Short-eared owl;700;Y;3;0;0;0;0;0;140
JESSE VIERTEL MEMORIAL ARPT;BE-35;None;4/24/2009;263557;Caused;1;PRIVATELY OWNED;Missouri;Landing Roll;Large;White-tailed deer;2330;N;3264;0;16866;16866;0;0;50
CHARLOTTE/DOUGLAS INTL ARPT;A-320;Aborted Take-off;06/01/2010;302460;Caused;2;US AIRWAYS;North Carolina;Take-off run;Small;Unknown bird;757;N;4;0;0;0;0;0;135
LAMBERT-ST LOUIS INTL;CL-RJ900;Aborted Take-off;3/28/2009;257480;No;2;MESABA AIRLINES;Missouri;Take-off run;Large;Canada goose;655;Y;1;1054;2635;3689;0;0;100
PORTLAND INTL (OR);B-737-700;Aborted Take-off;08/09/2005;236030;Caused;2;SOUTHWEST AIRLINES;Oregon;Take-off run;Medium;Red-tailed hawk;740;N;4;0;0;0;0;0;117
ASPEN-PITKIN CO/SARD;CL-RJ700;None;06/11/2009;263970;Caused;2;SKYWEST AIRLINES;Colorado;Landing Roll;Small;Unknown bird;1940;N;4;0;1054;1054;0;0;120
EVANSTON-UINTA COUNTY BURNS FIELD;IAI ASTRA JT;None;04/01/2009;259541;Caused;2;BUSINESS;Wyoming;Landing Roll;Small;Unknown bird;1100;N;4;0;2108;2108;0;0;120
OHIO STATE UNIVERSITY;C-560;None;09/10/2007;247323;No;2;CITATIONAIR;Ohio;Landing Roll;Small;Mourning dove;1035;N;1;5556;0;5556;0;0;100
ORLANDO INTL;A-320;None;6/21/2010;302622;Caused;2;JETBLUE AIRWAYS;Florida;Landing Roll;Large;Sandhill crane;745;Y;4;0;0;0;0;0;110
ORLANDO INTL;B-737-300;None;04/07/2011;310921;No;2;SOUTHWEST AIRLINES;Florida;Landing Roll;Small;Unknown bird;850;Y;1;30;0;30;0;0;90
SALT LAKE CITY INTL;A-320;None;5/14/2008;247643;Caused;2;JETBLUE AIRWAYS;Utah;Landing Roll;Medium;Swainson's hawk;1600;Y;4;0;0;0;0;0;130
STEWART INTL AIRPORT;A-320;None;04/03/2007;247302;Caused;2;JETBLUE AIRWAYS;New York;Take-off run;Medium;Ring-billed gull;700;N;4;0;0;0;0;0;165
UNKNOWN;B-737-700;Other;11/05/2008;258996;No;2;BUSINESS;N/A;Landing Roll;Small;Rock pigeon;1235;N;4;0;0;0;0;0;115
LAMBERT-ST LOUIS INTL;B-737-300;Precautionary Landing;1/30/2006;237919;Caused;2;SOUTHWEST AIRLINES;Missouri;Take-off run;Medium;Red-tailed hawk;753;Y;4;0;0;0;0;0;135
PORT COLUMBUS INTL;A-319;Precautionary Landing;7/31/2007;251411;No;2;SKYBUS AIRLINES;Ohio;Take-off run;Small;Brown-headed cowbird;948;N;1;5223;506;5729;0;0;130
FESTUS MEMORIAL ARPT;C-210 CENTUR;Other;10/07/2007;254657;Caused;1;PRIVATELY OWNED;Missouri;Landing Roll;Large;White-tailed deer;215;N;1;1111;105564;106675;0;0;80
KISSIMMEE GATEWAY ARPT;PA-28;Aborted Take-off;5/15/2008;252865;Caused;1;BUSINESS;Florida;Take-off run;Large;Sandhill crane;215;N;5;0;1623;1623;0;0;100
ABRAHAM LINCOLN CAPITAL ARPT;B-737-400;None;12/31/2011;319593;Caused;2;XTRA AIRWAYS;Illinois;Take-off run;Medium;Red-tailed hawk;1026;N;5;0;0;0;0;0;165
CAPE GIRARDEAU MUNICIPAL;C-402;None;09/01/2010;306070;No;2;CAPE AIR;Missouri;Take-off run;Small;Unknown bird;1048;N;5;0;0;0;0;0;90
LONG BEACH-DAUGH FLD;EMB-190;None;01/04/2009;256821;Caused;2;JETBLUE AIRWAYS;California;Take-off run;Medium;Red-tailed hawk;720;N;5;0;0;0;0;0;130
MONROE COUNTY;BE-200 KING;None;3/21/2009;260195;Caused;2;BUSINESS;Indiana;Landing Roll;Large;White-tailed deer;2035;N;1;10541;52707;63248;0;0;80
MORRISTOWN MUNICIPAL ARPT;BA-125-800;None;8/21/2007;249844;Caused;2;BUSINESS;New Jersey;Landing Roll;Large;Wild turkey;1759;Y;5;0;3334;3334;0;0;120
ALBANY INTL;B-737-700;Precautionary Landing;07/09/2006;237314;Caused;2;SOUTHWEST AIRLINES;New York;Take-off run;Small;Mourning dove;1912;Y;5;0;0;0;0;0;100
SAN FRANCISCO INTL ARPT;A-320;Precautionary Landing;9/25/2009;267008;Caused;2;US AIRWAYS;California;Take-off run;Large;Great blue heron;1848;Y;5;0;0;0;0;0;127
DETROIT METRO WAYNE COUNTY ARPT;AVRO RJ 85;Precautionary Landing;09/08/2006;245619;No;4;MESABA AIRLINES;Michigan;Take-off run;Small;Mourning dove;906;Y;5;570;0;570;0;0;90
ELIZABETHTON MUNICIPAL ARPT;C-500;None;11/08/2011;318783;Caused;2;BUSINESS;Tennessee;Landing Roll;Large;White-tailed deer;810;N;6;0;5;5;0;0;80
KLAMATH FALLS INTL;DHC8 DASH 8;None;06/10/2008;255383;No;2;HORIZON AIR;Oregon;Landing Roll;Small;Western meadowlark;1140;N;1;54114;0;54114;0;0;70
ST. LUCIA-VIGIE;ATR-72;None;07/06/2006;240221;No;2;AMERICAN EAGLE AIRLINES;N/A;Landing Roll;Small;Pigeons;806;N;6;0;0;0;0;0;100
BOB HOPE ARPT;B-737-300;Other;8/13/2006;242530;No;2;SOUTHWEST AIRLINES;California;Landing Roll;Small;Rock pigeon;940;N;6;0;0;0;0;0;120
KLAMATH FALLS INTL;DHC8 DASH 8;Other;2/26/2007;240379;No;2;HORIZON AIR;Oregon;Taxi;Small;Mourning dove;5;N;6;0;0;0;0;0;15
MIAMI INTL;B-737-800;Other;02/08/2010;300287;No;2;AMERICAN AIRLINES;Florida;Landing Roll;Small;Cattle egret;857;Y;6;0;0;0;0;0;65
ROBT L BRADSHAW INTL;B-737-800;Other;04/11/2011;311428;No;2;AMERICAN AIRLINES;N/A;Landing Roll;Medium;Unknown bird;1506;N;1;2814;0;2814;0;0;100
AEROFLEX-ANDOVER;DA FALCON 7X;None;7/29/2011;313561;No;3;BUSINESS;New Jersey;Take-off run;Small;Unknown bird;2208;Y;6;0;0;0;0;0;105
DETROIT METRO WAYNE COUNTY ARPT;A-319;Aborted Take-off;7/31/2006;245606;Caused;2;SPIRIT AIRLINES;Michigan;Take-off run;Small;European starling;730;Y;7;0;570;570;0;0;105
KODIAK AIRPORT;DHC8 DASH 8;Other;10/28/2010;307527;Caused;2;ERA AVIATION;Alaska;Landing Roll;Medium;Peregrine falcon;1445;N;7;0;0;0;0;0;80
CHARLOTTE/DOUGLAS INTL ARPT;EMB-190;None;01/04/2009;259919;No;2;JETBLUE AIRWAYS;North Carolina;Landing Roll;Small;Mourning dove;1730;N;8;0;0;0;0;0;130
METRO OAKLAND INTL;A-320;None;06/03/2007;247096;Caused;2;JETBLUE AIRWAYS;California;Take-off run;Small;Rock pigeon;736;N;8;0;0;0;0;0;100
ORLANDO INTL;A-320;None;01/01/2010;300390;Caused;2;JETBLUE AIRWAYS;Florida;Take-off run;Small;Grackles;1545;Y;8;0;0;0;0;0;120
WATERTOWN;SAAB-340;Other;3/21/2009;260313;Caused;2;MESABA AIRLINES;South Dakota;Landing Roll;Medium;Ring-necked pheasant;1030;N;1;5271;3162;8433;0;0;80
ORLANDO INTL;B-737-300;None;11/04/2008;257574;Caused;2;SOUTHWEST AIRLINES;Florida;Landing Roll;Large;Bald eagle;915;Y;10;0;2165;2165;0;0;125
MINETA SAN JOSE INTL;B-737-800;Precautionary Landing;11/26/2010;309166;Caused;2;CONTINENTAL AIRLINES;California;Take-off run;Medium;Red-tailed hawk;855;Y;10;0;0;0;0;0;160
DILLANT-HOPKINS ARPT;BE-400 BJET;Aborted Take-off;7/24/2007;244994;No;2;BUSINESS;New Hampshire;Take-off run;Small;Unknown bird;809;N;1;2222;0;2222;0;0;105
LAMBERT-ST LOUIS INTL;A-319;Aborted Take-off;9/27/2010;306367;Caused;2;US AIRWAYS;Missouri;Take-off run;Small;Mourning dove;750;Y;12;0;0;0;0;0;50
FORT LAUDERDALE/HOLLYWOOD INTL;A-320;None;04/11/2007;242190;No;2;JETBLUE AIRWAYS;Florida;Landing Roll;Medium;Mallard;21;N;12;0;0;0;0;0;130
LAKELAND LINDER REGIONAL;CITATION EXL;None;7/28/2006;243203;Caused;2;BUSINESS;Florida;Landing Roll;Large;Sandhill crane;1228;N;1;1141;2282;3423;0;0;90
WALLA WALLA REGIONAL;DHC8 DASH 8;None;10/06/2009;267784;No;2;UNKNOWN;Washington;Landing Roll;Small;Unknown bird;1635;N;12;0;0;0;0;0;95
YAKIMA AIR TERMINAL;DHC8 DASH 8;Other;07/03/2008;255637;Caused;2;HORIZON AIR;Washington;Landing Roll;Large;Great horned owl;2355;N;12;0;24811;24811;0;0;100
MINNEAPOLIS-ST PAUL INTL;A-319;Precautionary Landing;7/31/2010;303301;Caused;2;DELTA AIR LINES;Minnesota;Take-off run;Small;Rock pigeon;1957;Y;12;0;0;0;0;0;115
SANGSTER INTL;B-737-800;Other;6/30/2010;302672;Caused;2;AMERICAN AIRLINES;N/A;Landing Roll;Medium;Unknown bird;730;N;14;0;0;0;0;0;145
HARDY-ANDERS FLD NATCHEZ-ADAMS CNTY;CITATIONJET;None;10/27/2010;307696;No;2;BUSINESS;Mississippi;Landing Roll;Small;American woodcock;1855;N;1;308;0;308;0;0;80
MCCARREN INTL;A-320;None;4/26/2010;301914;Caused;2;JETBLUE AIRWAYS;Nevada;Landing Roll;Large;Unknown bird;2200;N;15;0;0;0;0;0;130
KAHULUI ARPT;B-767-300;Other;04/09/2008;253644;No;2;UPS AIRLINES;Hawaii;Landing Roll;Small;Pacific golden-plover;344;N;16;0;0;0;0;0;100
CIUDAD DEL ESTE GARCIA;B-747-1/200;Engine Shut Down;08/06/2006;236639;No;4;FOCUS AIR;N/A;Take-off run;Small;Unknown bird;2115;N;1;74157;0;74157;0;0;150
HENRY E ROHLSEN ARPT;C-402;Aborted Take-off;1/18/2009;260448;Caused;2;CAPE AIR;Virgin Islands;Take-off run;Medium;Unknown bird;1845;N;18;0;0;0;0;0;80
INDIANAPOLIS INTL;MD-82;None;06/10/2009;259736;Caused;2;AMERICAN AIRLINES;Indiana;Landing Roll;Small;Unknown bird;1545;N;18;0;0;0;0;0;130
DALLAS/FORT WORTH INTL ARPT;MD-83;Other;9/25/2011;316152;Caused;2;AMERICAN AIRLINES;Texas;Landing Roll;Small;Rock pigeon;824;Y;18;0;53091;53091;0;0;140
PORT COLUMBUS INTL;MD-82;Precautionary Landing;05/11/2009;258426;Caused;2;AMERICAN AIRLINES;Ohio;Take-off run;Small;Unknown bird;1755;N;18;0;0;0;0;0;170
COLUMBUS METRO;DA-50 FALCON;None;8/26/2007;245417;No;3;BUSINESS;Georgia;Landing Roll;Small;Unknown bird;1745;N;18;0;0;0;0;0;110
CHICAGO O'HARE INTL ARPT;MD-80;Aborted Take-off;4/19/2009;261655;Caused;2;AMERICAN AIRLINES;Illinois;Take-off run;Medium;Herring gull;1445;N;20;632;44274;44906;0;0;90
NEW CASTLE COUNTY;CL-601/604;None;10/15/2010;307409;No;2;BUSINESS;Delaware;Landing Roll;Small;Merlin;1630;N;20;513;0;513;0;0;100
COLUMBUS METRO;DA-50 FALCON;None;08/10/2011;315236;Caused;3;BUSINESS;Georgia;Take-off run;Small;Unknown bird;930;N;22;400;25;29;0;0;119
BETHEL ARPT;LOCKHEED 382;None;4/29/2005;235302;Caused;4;LYNDEN AIR CARGO;Alaska;Take-off run;Large;Sandhill crane;1433;Y;22;0;1757;1757;0;0;135
TRIPLE W ARPT;C-172;None;1/13/2007;243910;Caused;1;PRIVATELY OWNED;North Carolina;Landing Roll;Large;White-tailed deer;2210;N;24;78;2778;2856;0;0;50
MATHIS FIELD (TX);C-550;Aborted Take-off;8/18/2009;266383;No;2;US CUSTOMS AND BORDER PROTECTION;Texas;Take-off run;Small;Barn swallow;1230;N;1;889;0;889;0;0;100
ORLANDO INTL;B-757-200;Aborted Take-off;6/24/2005;234800;Caused;2;AMERICA WEST AIRLINES;Florida;Take-off run;Large;Sandhill crane;910;Y;24;0;0;0;0;0;110
SALT LAKE CITY INTL;DC-9-30;Aborted Take-off;10/25/2008;257747;Caused;2;DELTA AIR LINES;Utah;Take-off run;Medium;Ferruginous hawk;1010;Y;24;0;3463326;3463326;0;0;135
ANIAK AIRPORT;SAAB-340;None;4/14/2011;311035;No;2;BUSINESS;Alaska;Landing Roll;Small;Snow bunting;1255;N;1;10;0;10;0;0;120
DALLAS LOVE FIELD ARPT;HAWKER 800;None;05/02/2005;235193;Caused;2;BUSINESS;Texas;Landing Roll;Medium;Unknown bird;750;N;24;0;9137;9137;0;0;110
DENVER INTL AIRPORT;A-319;None;06/07/2011;312700;Caused;2;FRONTIER AIRLINES;Colorado;Take-off run;Small;Unknown bird;1835;Y;24;0;0;0;0;0;100
JACKSON HOLE;C-550;None;3/13/2007;238603;No;2;CITATIONAIR;Wyoming;Landing Roll;Small;Unknown bird;1445;N;24;0;0;0;0;0;100
LA CROSSE MUNICIPAL AIRPORT;MD-83;None;7/21/2011;313584;No;2;ALLEGIANT AIR;Wisconsin;Take-off run;Small;Unknown bird;1640;N;1;10;0;10;0;0;145
LAURENCE G HANSCOM;C-560;None;11/23/2009;268944;No;2;BUSINESS;Massachusetts;Landing Roll;Small;Unknown bird;1025;N;24;0;0;0;0;0;65
NEWPORT NEWS/WILLIAMSBURG INTL;LEARJET-45;None;8/22/2007;246738;Caused;2;BUSINESS;Virginia;Landing Roll;Medium;Red-tailed hawk;1827;Y;24;0;0;0;0;0;120
ORLANDO INTL;B-737-800;None;5/14/2011;311703;Caused;2;DELTA AIR LINES;Florida;Landing Roll;Large;Sandhill crane;1859;Y;24;0;0;0;0;0;130
PORTLAND INTL (OR);LEARJET-45;None;6/16/2008;255338;Caused;2;BUSINESS;Oregon;Take-off run;Large;Great blue heron;648;Y;24;0;984;984;0;0;90
SITKA ROCKY GUTIERREZ ARPT;ATR-72;Other;8/17/2009;262996;No;2;EMPIRE AIRLINES;Alaska;Landing Roll;Small;Western sandpiper;1032;N;1;3879;0;3879;0;0;80
LOGAN INTL;A-320;Precautionary Landing;11/25/2008;260572;Caused;2;JETBLUE AIRWAYS;Massachusetts;Take-off run;Medium;Ring-billed gull;830;Y;24;0;4329;4329;0;0;120
NEW CASTLE COUNTY;CHALLENGER 300;Precautionary Landing;02/09/2010;300555;Caused;2;BUSINESS;Delaware;Take-off run;Small;Unknown bird;1040;N;24;0;308;308;0;0;110
NEW ORLEANS INTL;B-757-200;Precautionary Landing;3/16/2009;263115;Caused;2;DELTA AIR LINES;Louisiana;Take-off run;Medium;Herring gull;805;Y;24;0;0;0;0;0;150
TRI-CITIES REGIONAL TN/VA ARPT;GRUMAMER AA1;None;10/29/2005;239493;Caused;1;BUSINESS;Tennessee;Landing Roll;Large;Coyote;1910;N;25;439;41;4539;0;0;75
MURTALA MUHAMMED;B-767-300;Precautionary Landing;11/17/2008;261286;Caused;2;DELTA AIR LINES;N/A;Take-off run;Medium;Unknown bird;1015;N;25;0;0;0;0;0;140
LOS ANGELES INTL;B-747-400;Aborted Take-off;07/07/2008;254000;Caused;4;AIR NEW ZEALAND;California;Take-off run;Large;Unknown bird;1722;N;1;54114;818211;872325;0;0;100
COLUMBUS METRO;LEARJET-60;Aborted Take-off;8/24/2006;202704;No;2;BUSINESS;Georgia;Take-off run;Small;Unknown bird;830;Y;1;4564;0;4564;0;0;80
MIAMI INTL;A-320;Precautionary Landing;7/16/2011;313449;Caused;2;AVIANCA;Florida;Take-off run;Small;Boat-tailed grackle;1724;N;28;0;0;0;0;0;144
SALT LAKE CITY INTL;B-757-200;Precautionary Landing;6/23/2007;242254;Caused;2;DELTA AIR LINES;Utah;Take-off run;Medium;Common raven;630;Y;31;0;44448;44448;0;0;130
CLEVELAND-HOPKINS INTL ARPT;A-300;Aborted Take-off;4/28/2007;247151;Caused;2;FEDEX EXPRESS;Ohio;Take-off run;Medium;Herring gull;726;Y;1;21864;160846;18271;0;0;125
ORLANDO INTL;A-320;Aborted Take-off;1/24/2009;260871;Caused;2;JETBLUE AIRWAYS;Florida;Take-off run;Small;Cattle egret;1000;Y;36;0;0;0;0;0;100
GILLESPIE COUNTY;CITATIONJET;Other;05/12/2007;246178;No;2;CITATIONAIR;Texas;Take-off run;Small;Unknown bird;1835;N;36;0;0;0;0;0;110
ROSWELL INTL AIR CENTER;B-737-700;Precautionary Landing;5/29/2007;200058;No;2;BUSINESS;New Mexico;Take-off run;Small;Rock pigeon;1821;N;36;0;0;0;0;0;125
GERALD R FORD INTL;A-310;Aborted Take-off;3/22/2009;259744;Caused;2;FEDEX EXPRESS;Michigan;Take-off run;Large;Snowy owl;600;N;1;16297;303688;319985;0;0;80
ONA AIRPARK ARPT;C-172;Engine Shut Down;04/11/2006;240397;Caused;1;PRIVATELY OWNED;West Virginia;Landing Roll;Large;White-tailed deer;2030;N;40;0;22818;22818;0;0;50
KEY WEST INTL ARPT;BE-1900;None;11/02/2006;248250;Caused;2;GULFSTREAM INTL AIRLINES;Florida;Landing Roll;Large;Unknown bird;1643;N;40;0;4564;4564;0;0;60
ST. PAUL DOWNTOWN ARPT;LEARJET-45;Aborted Take-off;5/28/2009;262047;Caused;2;BUSINESS;Minnesota;Take-off run;Large;Bald eagle;645;N;1;1054;6325;7379;0;0;70
DANE COUNTY REGIONAL ARPT-TRUAX FLD;C-550;None;10/31/2007;252562;Caused;2;BUSINESS;Wisconsin;Landing Roll;Large;Whooping crane;2005;N;48;0;55893;55893;0;0;90
FULLERTON MUNICIPAL ARPT;BE-200 KING;None;7/23/2010;304400;Caused;2;PRIVATELY OWNED;California;Take-off run;Small;Mourning dove;630;N;48;0;5134;5134;0;0;97
PERRY COUNTY MUNICIPAL;C-560;None;11/13/2007;251919;Caused;2;BUSINESS;Indiana;Landing Roll;Large;White-tailed deer;800;N;1;167;1583;15997;0;0;90
QUAD CITY ARPT;CITATION X;None;08/08/2007;249456;Caused;2;BUSINESS;Illinois;Landing Roll;Small;Rock pigeon;800;Y;1;889;2778;3667;0;0;75
SALT LAKE CITY INTL;CL-RJ100/200;None;5/30/2011;312098;Caused;2;SKYWEST AIRLINES;Utah;Landing Roll;Medium;California gull;830;Y;48;0;144;144;0;0;120
SUGAR LAND REGIONAL ARPT;LEARJET-35;None;6/24/2009;264328;Caused;2;BUSINESS;Texas;Take-off run;Small;Unknown bird;1218;Y;1;105413;15812;263533;0;0;135
HONOLULU INTL ARPT;B-757-200;Other;10/13/2007;252159;Caused;2;AMERICAN AIRLINES;Hawaii;Take-off run;Medium;Unknown bird;1433;N;1;94452;66672;161124;0;0;140
MEMPHIS INTL;B-777-200;Precautionary Landing;8/27/2010;305921;Caused;2;FEDEX EXPRESS;Tennessee;Take-off run;Medium;Red-tailed hawk;800;Y;1;41068;58512;9958;0;0;140
PHOENIX SKY HARBOR;B-737-800;Precautionary Landing;04/03/2010;301015;Caused;2;ALASKA AIRLINES;Arizona;Take-off run;Medium;Peregrine falcon;702;N;48;0;20534;20534;0;0;180
FAIRMONT MUNI-FRANKMAN FLD;C-182 SKYLAN;None;7/23/2010;303405;Caused;1;PRIVATELY OWNED;West Virginia;Landing Roll;Large;White-tailed deer;2130;N;1;5134;66736;7187;0;0;60
UNALASKA ARPT;SAAB-340;Precautionary Landing;05/10/2005;230030;Caused;2;PENAIR;Alaska;Take-off run;Medium;Glaucous-winged gull;2012;N;1;58568;175703;234271;0;0;140
WESTCHESTER COUNTY ARPT;LEARJET-60;Precautionary Landing;9/15/2008;255216;Caused;2;BUSINESS;New York;Take-off run;Large;Canada goose;712;Y;70;0;0;0;0;0;134
JOHN F KENNEDY INTL;A-320;Aborted Take-off;5/22/2006;237832;Caused;2;JETBLUE AIRWAYS;New York;Take-off run;Large;Osprey;720;Y;72;0;0;0;0;0;115
MIAMI INTL;C-560;None;01/10/2007;243148;No;2;NETJETS AVIATION;Florida;Landing Roll;Small;Unknown bird;1755;Y;72;0;0;0;0;0;109
WINSTON FIELD ARPT;C-560;None;1/18/2007;246275;Caused;2;BUSINESS;Texas;Landing Roll;Large;White-tailed deer;2045;N;1;5556;5556;11112;0;0;105
YAKIMA AIR TERMINAL;LEARJET-35;Other;07/09/2006;237190;Caused;2;BUSINESS;Washington;Landing Roll;Small;American kestrel;950;N;72;0;0;0;0;0;100
JOHN F KENNEDY INTL;A-320;Precautionary Landing;5/14/2011;311705;Caused;2;JETBLUE AIRWAYS;New York;Take-off run;Medium;Herring gull;1138;Y;72;0;10234;10234;0;0;120
ORLANDO SANFORD INTL AIRPORT;MD-83;Precautionary Landing;04/06/2009;259632;Caused;2;ALLEGIANT AIR;Florida;Take-off run;Large;Bald eagle;1720;Y;1;274;8583;11323;0;0;140
PORT COLUMBUS INTL;CL-RJ700;Precautionary Landing;8/17/2007;251003;Caused;2;AMERICAN EAGLE AIRLINES;Ohio;Take-off run;Small;European starling;1800;Y;1;2778;11112;38892;0;0;130
ANOKA COUNTY-BLAINE;PA-23-250;None;09/12/2005;234432;Caused;2;BUSINESS;Minnesota;Landing Roll;Large;White-tailed deer;1947;N;1;1757;40997;58567;0;0;70
NORTHEAST PHILADELPHIA ARPT;LEARJET-45;Precautionary Landing;3/30/2009;259509;Caused;2;BOMBARDIER BUSINESS JET;Pennsylvania;Landing Roll;Large;Canada goose;711;Y;76;0;0;0;0;0;100
DILLANT-HOPKINS ARPT;PA-28;None;07/10/2009;264625;Caused;1;BUSINESS;New Hampshire;Landing Roll;Large;White-tailed deer;2115;Y;1;10541;15812;26353;0;0;40
SITKA ROCKY GUTIERREZ ARPT;B-737-400;Engine Shut Down;08/08/2010;304603;Caused;2;ALASKA AIRLINES;Alaska;Take-off run;Large;Bald eagle;1030;N;84;0;2977459;2977459;0;0;120
DENTON MUNICIPAL ARPT;C-172;Aborted Take-off;11/05/2009;269364;Caused;1;BUSINESS;Texas;Take-off run;Large;White-tailed deer;1;N;1;25299;18974;44273;0;0;55
FRANCIS S GABRESKI ARPT;C-560;None;10/11/2009;269123;Caused;2;BUSINESS;New York;Landing Roll;Large;White-tailed deer;2013;N;96;0;0;0;0;0;80
SANTA BARBARA MUNICIPAL;DA-2000;None;1/18/2008;252341;Caused;2;BUSINESS;California;Landing Roll;Small;Unknown bird;1730;N;96;0;91995;91995;0;0;120
SPRINGERVILLE MUNICIPAL;BE-90  KING;None;9/27/2005;239650;Caused;2;BUSINESS;Arizona;Landing Roll;Large;Domestic dog;1713;Y;96;0;351405;351405;0;0;90
LIHUE ARPT;B-757-200;Precautionary Landing;5/31/2005;234075;Caused;2;UNITED AIRLINES;Hawaii;Take-off run;Small;Barn owl;2119;N;96;0;1253345;1253345;0;0;110
NUT TREE AIRPORT;BE-400 BJET;None;10/17/2005;235727;Caused;2;FLIGHT OPTIONS;California;Landing Roll;Large;Wild turkey;745;N;104;0;0;0;0;0;80
FULTON COUNTY ARPT - BROWN FIELD;HAWKER 800;None;4/29/2005;231472;Caused;2;BUSINESS;Georgia;Landing Roll;Large;White-tailed deer;2100;N;120;0;40997;40997;0;0;120
TETERBORO AIRPORT;DA-50 FALCON;Precautionary Landing;4/16/2010;301175;Caused;3;BUSINESS;New Jersey;Take-off run;Small;American robin;1242;Y;120;0;65828;65828;0;0;120
SANTA FE MUNICIPAL;CITATIONJET;None;9/19/2007;252591;Caused;2;PRIVATELY OWNED;New Mexico;Take-off run;Small;Unknown bird;745;N;1;22572;55521;78093;0;0;90
JOHN H BATTEN ARPT;DA-10 FALCON;Aborted Take-off;5/18/2006;237966;Caused;2;BUSINESS;Wisconsin;Take-off run;Medium;Ring-billed gull;930;N;1;11409;57044;68453;0;0;100
FORT WAYNE INTL;CL-RJ100/200;None;6/27/2011;313298;Caused;2;PINNACLE;Indiana;Landing Roll;Medium;Red-tailed hawk;1515;N;145;1;13245;14245;0;0;140
MARSHFIELD MUNI/G HARLOW FLD;PA-46 MALIBU;Precautionary Landing;05/04/2009;259858;Caused;1;PRIVATELY OWNED;Massachusetts;Take-off run;Medium;Unknown bird;1640;N;148;0;1581;1581;0;0;85
KNOXVILLE DOWNTOWN ISLAND ARPT;CHAMP 8KCAB;Aborted Take-off;04/09/2006;236389;Caused;1;BUSINESS;Tennessee;Take-off run;Large;Unknown bird;900;N;150;0;513;513;0;0;40
SHELL LAKE MUNICIPAL ARPT;C-210 CENTUR;None;7/28/2010;303363;Caused;1;BUSINESS;Wisconsin;Landing Roll;Large;White-tailed deer;730;N;150;0;15401;15401;0;0;30
CLAYTON COUNTY ARPT- TARA FIELD;DA-50 FALCON;None;07/11/2007;244497;Caused;3;BUSINESS;Georgia;Landing Roll;Large;White-tailed deer;2325;N;1;2778;16668;169458;0;0;100
LANAI ARPT;C-208;None;6/27/2010;302654;Caused;1;MOKULELE AIRLINES;Hawaii;Landing Roll;Large;Wild turkey;1420;N;192;0;0;0;0;0;85
WARREN FIELD ARPT;PA-28;Precautionary Landing;4/21/2010;301895;Caused;1;BUSINESS;North Carolina;Take-off run;Large;White-tailed deer;1515;Y;1;5134;20534;25668;0;0;75
MONMOUTH EXECUTIVE ARPT;PIAGGIO P180;Aborted Take-off;10/18/2009;269099;Caused;2;BUSINESS;New Jersey;Take-off run;Large;Canada goose;1000;N;1;5271;105413;110684;0;0;90
FAIRMONT MUNI-FRANKMAN FLD;C-414;None;1/31/2005;232396;Caused;2;BUSINESS;West Virginia;Landing Roll;Large;White-tailed deer;1830;N;1;35141;11714;46855;0;0;20
ODESSA-SCHLEMEYER FIELD ARPT;LEARJET-25;Engine Shut Down;5/25/2010;301940;Caused;2;BUSINESS;Texas;Take-off run;Small;Unknown bird;2100;N;1;27232;75864;103096;0;0;126
ST AUGUSTINE;LEARJET-31;None;8/13/2008;254587;Caused;2;BUSINESS;Florida;Landing Roll;Large;White-tailed deer;2135;N;336;0;0;0;0;0;80
MACKINAC COUNTY ARPT;C-500;Precautionary Landing;8/25/2011;314635;Caused;2;BUSINESS;Michigan;Take-off run;Medium;Gulls;1230;N;1;45;45;495;0;0;100
JOHNSON COUNTY EXECUTIVE ARPT;C-560;Precautionary Landing;10/07/2009;268805;Caused;2;BUSINESS;Kansas;Take-off run;Large;Red fox;2200;Y;1;2108;52707;54815;0;0;105
DALLAS LOVE FIELD ARPT;C-550;None;07/06/2011;314203;Caused;2;BUSINESS;Texas;Landing Roll;Medium;Unknown bird;1702;N;360;0;50;50;0;0;100
TETERBORO AIRPORT;HAWKER 800;Aborted Take-off;09/09/2005;235064;Caused;2;PERIMETER AIRLINES;New Jersey;Take-off run;Medium;Red-tailed hawk;1815;N;1;31626;351405;383031;0;0;110
WILEY POST-WILL ROGERS MEM;LEARJET-31;Aborted Take-off;8/22/2011;315222;Caused;2;GOVERNMENT;Alaska;Take-off run;Large;Glaucous gull;20;N;500;0;300;300;0;0;110
BOLINGBROOKS CLOW INTL;C-182 SKYLAN;Aborted Take-off;5/23/2008;253603;Caused;1;PRIVATELY OWNED;Illinois;Take-off run;Large;Canada goose;2030;N;1;3463;5953;9416;0;0;55
OWENSBORO-DAVIESS;BA-31 JETSTR;None;7/14/2005;232904;Caused;2;MIDAMERICAJET;Kentucky;Landing Roll;Small;Mourning dove;1830;N;1;93708;99565;193273;0;0;80
WASHINGTON COUNTY;LEARJET-35;Other;8/20/2007;249787;Caused;2;BUSINESS;Pennsylvania;Landing Roll;Large;White-tailed deer;2200;N;1;350027;8334;433367;0;0;50
WILEY POST ARPT;C-500;Precautionary Landing;7/21/2006;240875;Caused;2;US CUSTOMS AND BORDER PROTECTION;Oklahoma;Take-off run;Small;Mourning dove;715;N;504;0;399307;399307;0;0;109
LEHIGH VALLEY INTL;C-550;Aborted Take-off;4/23/2009;259361;Caused;2;BUSINESS;Pennsylvania;Take-off run;Small;American kestrel;922;N;720;0;15812;15812;0;0;103
EAST HAMPTON ARPT;C-340;Other;08/05/2011;314585;Caused;2;BUSINESS;New York;Landing Roll;Large;White-tailed deer;2024;Y;800;0;60;60;0;0;65
WEST BRANCH COMMUNITY ARPT;PA-28;None;01/12/2006;239823;Caused;1;PRIVATELY OWNED;Michigan;Landing Roll;Large;White-tailed deer;1755;N;1;9127;27381;36508;0;0;45
AIR LOGICTICS N HELIPORT;BELL-407;Precautionary Landing;06/12/2010;301337;No;1;BUSINESS;Louisiana;Climb;Medium;Unknown bird;1200;N;1;0;0;0;1;1;115
PHOENIX GOODYEAR ARPT;BE-33;Precautionary Landing;11/01/2011;319097;No;1;BUSINESS;Arizona;Climb;Small;Unknown bird;1250;N;1;0;0;0;5;1;140
DALLAS/FORT WORTH INTL ARPT;MD-82;None;5/19/2010;301826;No;2;AMERICAN AIRLINES;Texas;Approach;Small;Unknown bird;1010;N;1;0;0;0;4;1;135
JOHN WAYNE AIRPORT;B-737-700;None;3/19/2011;310702;No;2;SOUTHWEST AIRLINES;California;Climb;Medium;Unknown bird;1927;N;1;0;0;0;0;1;115
ALBUQUERQUE INTL;B-737-300;None;3/24/2008;253730;No;2;SOUTHWEST AIRLINES;New Mexico;Approach;Medium;Unknown bird;2050;N;2;108;0;108;3;1;140
SACRAMENTO INTL;B-737-300;Precautionary Landing;12/28/2011;319575;No;2;SOUTHWEST AIRLINES;California;Climb;Medium;Northern pintail;1815;N;2;0;0;0;3;1;180
TSTC WACO;DA-20 FALCON;Precautionary Landing;4/21/2009;262697;No;2;BUSINESS;Texas;Climb;Large;Turkey vulture;1350;N;4;118;0;118;2;1;75
LOS ANGELES INTL;B-747-400;None;1/21/2011;309694;Caused;4;KOREAN AIR;California;Approach;Medium;California gull;1953;N;1;20;10;30;1;1;170
DALLAS/FORT WORTH INTL ARPT;B-757-200;Engine Shut Down;4/15/2009;263643;Caused;2;AMERICAN AIRLINES;Texas;Approach;Large;Double-crested cormorant;1156;Y;1;53078;0;53078;2;1;165
SALT LAKE CITY INTL;CL-RJ100/200;None;11/16/2010;308591;Caused;2;SKYWEST AIRLINES;Utah;Approach;Medium;American wigeon;1850;Y;72;0;26245;26245;2;1;138
BIRMINGHAM-SHUTTLESWORTH INTL;B-737-700;None;09/05/2009;267774;No;2;SOUTHWEST AIRLINES;Alabama;Approach;Small;Unknown bird;1448;N;1;0;0;0;5;2;140
BIRMINGHAM-SHUTTLESWORTH INTL;B-737-700;None;3/19/2010;300307;No;2;SOUTHWEST AIRLINES;Alabama;Approach;Medium;Unknown bird;1930;N;1;0;0;0;5;2;210
BURLINGTON INTL;EMB-190;None;11/06/2009;269506;No;2;JETBLUE AIRWAYS;Vermont;Approach;Small;Horned lark;1200;Y;1;0;0;0;7;2;150
DALLAS/FORT WORTH INTL ARPT;MD-82;None;10/13/2011;318406;No;2;AMERICAN AIRLINES;Texas;Approach;Small;Unknown bird;2145;N;1;0;0;0;5;2;210
FORT LAUDERDALE/HOLLYWOOD INTL;B-737-300;None;10/20/2011;318585;No;2;SOUTHWEST AIRLINES;Florida;Approach;Small;Unknown bird;2130;Y;1;300;0;300;10;2;200
MIAMI INTL;B-737-800;None;3/27/2011;310747;No;2;AMERICAN AIRLINES;Florida;Approach;Small;Unknown bird;1400;Y;1;0;0;0;0;2;150
SACRAMENTO INTL;A-320;None;05/05/2011;312016;No;2;JETBLUE AIRWAYS;California;Approach;Small;Unknown bird;2340;Y;1;0;0;0;10;2;180
VALLEY INTL;B-737-300;None;1/28/2009;258475;No;2;SOUTHWEST AIRLINES;Texas;Approach;Small;Unknown bird;1228;Y;1;0;0;0;0;2;135
WILKES-BARRE/SCRANTON INTL;DHC8 DASH 8;None;09/08/2011;316048;No;2;COMMUTAIR;Pennsylvania;Approach;Small;Unknown bird;2100;N;1;0;0;0;8;2;100
PHOENIX SKY HARBOR;BE-1900;None;9/30/2009;266427;No;2;GREAT LAKES AIRLINES;Arizona;Approach;Small;Savannah sparrow;1945;N;2;0;0;0;6;2;170
PORTLAND-HILLSBORO ARPT;RKWLTRBO 690;None;11/20/2010;308605;Caused;2;BUSINESS;Oregon;Approach;Medium;Gulls;940;Y;3;0;0;0;0;2;90
YAKUTAT ARPT;LEARJET-35;None;7/18/2007;247318;Caused;2;BUSINESS;Alaska;Approach;Large;Bald eagle;2000;N;4;0;0;0;0;2;125
GREGG COUNTY ARPT;CHALLENGER 300;None;5/23/2010;302112;Caused;2;BUSINESS;Texas;Approach;Large;Turkey vulture;1700;N;6;0;0;0;5;2;180
YELLOWSTONE ARPT;EMB-120;Other;8/22/2007;248891;No;2;SKYWEST AIRLINES;Montana;Approach;Small;Unknown bird;1824;N;7;0;0;0;0;2;120
BALTIMORE WASH INTL;B-737-700;None;3/23/2007;241833;Caused;2;SOUTHWEST AIRLINES;Maryland;Approach;Small;American robin;2240;N;8;0;44448;44448;5;2;130
SALT LAKE CITY INTL;CL-RJ900;None;11/13/2007;252180;No;2;SKYWEST AIRLINES;Utah;Approach;Small;Green-winged teal;1930;Y;12;0;0;0;6;2;200
SACRAMENTO INTL;B-737-700;Precautionary Landing;01/12/2011;309677;Caused;2;ALASKA AIRLINES;California;Climb;Medium;Northern pintail;1750;Y;13;0;0;0;3;2;220
ELKO REGIONAL ARPT;EMB-120;None;05/03/2010;302188;Caused;2;SKYWEST AIRLINES;Nevada;Approach;Large;Unknown bird;1115;N;1;10267;41068;51335;7;2;145
SACRAMENTO INTL;A-319;Other;12/17/2009;268122;Caused;2;US AIRWAYS;California;Approach;Medium;Northern pintail;1820;Y;19;0;0;0;7;2;210
SACRAMENTO INTL;B-737-900;None;12/19/2009;269805;Caused;2;CONTINENTAL AIRLINES;California;Approach;Medium;Northern pintail;2024;Y;1;52707;131493;1842;9;2;180
REPUBLIC AIRPORT;LEARJET-60;None;9/14/2006;242940;Caused;2;BUSINESS;New York;Approach;Large;Canada goose;1954;N;1;57044;114088;171132;0;2;140
THE EASTERN IOWA ARPT;EMB-145;None;11/07/2011;318781;Caused;2;AMERICAN EAGLE AIRLINES;Iowa;Approach;Medium;Mallard;930;Y;336;0;0;0;3;2;190
AIR LOGICTICS N HELIPORT;BELL-407;None;06/06/2010;302471;No;1;BUSINESS;Louisiana;Taxi;Small;Unknown bird;800;N;1;0;0;0;0;3;5
JOHN WAYNE AIRPORT;B-737-700;None;5/13/2011;312224;No;2;SOUTHWEST AIRLINES;California;Approach;Medium;Unknown bird;2225;Y;1;400;0;400;11;3;170
SACRAMENTO INTL;B-737-700;None;01/04/2011;309651;No;2;SOUTHWEST AIRLINES;California;Approach;Large;Greater white-fronted goose;1955;Y;1;0;0;0;5;3;180
UNKNOWN;BELL-206;Other;3/22/2010;300983;No;1;BUSINESS;N/A;Climb;Small;Unknown bird;1120;N;1;883;0;883;0;3;0
JOHN F KENNEDY INTL;A-320;None;11/09/2006;246007;No;2;JETBLUE AIRWAYS;New York;Descent;Medium;Unknown bird;2005;N;2;0;0;0;20;3;200
NEW ORLEANS INTL;CL-RJ900;None;9/15/2009;267930;No;2;SKYWEST AIRLINES;Louisiana;Approach;Medium;Unknown bird;2100;Y;2;422;0;422;10;3;150
GARY CHICAGO INTL;CL-600;None;3/30/2010;300745;Caused;2;BOEING COMMERCIAL AIRPLANE GRP;Indiana;Descent;Small;Unknown bird;2330;N;4;0;23614;23614;15;3;250
SYRACUSE HANCOCK INTL;A-320;None;5/27/2009;262444;Caused;2;JETBLUE AIRWAYS;New York;Approach;Medium;Unknown bird;715;N;4;0;0;0;0;3;145
SACRAMENTO INTL;A-320;Other;4/19/2011;310980;No;2;JETBLUE AIRWAYS;California;Approach;Small;White-crowned sparrow;2340;Y;15;0;0;0;10;3;250
SACRAMENTO INTL;B-737-700;Precautionary Landing;12/27/2010;309211;Caused;2;ALASKA AIRLINES;California;Climb;Medium;Northern shoveler;1740;Y;42;0;0;0;3;3;210
LINDEN AIRPORT;PA-28;None;08/06/2009;265895;Caused;1;BUSINESS;New Jersey;Approach;Large;Canada goose;2100;N;168;0;6325;6325;0;3;45
FLYING CLOUD ARPT;C-172;Precautionary Landing;9/26/2010;307318;Caused;1;BUSINESS;Minnesota;Descent;Medium;Broad-winged hawk;1228;N;250;0;5134;5134;14;3;145
KLAMATH FALLS INTL;IAI ASTRA JT;None;4/19/2011;310979;Caused;2;BUSINESS;Oregon;Descent;Small;Sharp-shinned hawk;1130;N;1;300;60;360;8;4;180
LAMBERT-ST LOUIS INTL;B-737-300;None;8/18/2009;266875;No;2;SOUTHWEST AIRLINES;Missouri;Climb;Medium;Unknown bird;2050;N;1;0;0;0;5;4;210
NW ARKANSAS REGIONAL;CL-RJ100/200;None;10/08/2007;251568;Caused;2;PINNACLE;Arkansas;Descent;Medium;Unknown bird;2100;N;2;0;0;0;10;4;250
SEATTLE-TACOMA INTL;B-737-700;None;12/16/2011;319790;No;2;SOUTHWEST AIRLINES;Washington;Approach;Large;Unknown bird;1945;Y;2;0;0;0;15;4;200
PALESTINE MUNICIPAL ARPT;BE-100 KING;Precautionary Landing;10/18/2010;307449;Caused;2;GOVERNMENT;Texas;Descent;Large;American white pelican;1245;N;1;27927;174541;202468;20;4;190
NAPLES MUNICIPAL;RKWLTRBO 690;Other;4/14/2009;263108;Caused;2;BUSINESS;Florida;Approach;Large;Bald eagle;1740;N;5;0;843;843;0;4;105
JOHN F KENNEDY INTL;A-320;None;11/02/2010;308924;Caused;2;JETBLUE AIRWAYS;New York;Approach;Large;Unknown bird;2145;N;10;0;0;0;10;4;250
INDIANAPOLIS INTL;A-319;None;04/10/2010;301027;Caused;2;FRONTIER AIRLINES;Indiana;Approach;Medium;Unknown bird;2255;N;12;0;10267;10267;10;4;230
PHILADELPHIA INTL;B-737-400;None;5/18/2011;311734;Caused;2;US AIRWAYS;Pennsylvania;Approach;Large;Great blue heron;1445;Y;22;0;98857;98857;0;4;120
REPUBLIC AIRPORT;GULFAERO IV;None;1/24/2010;300565;Caused;2;BUSINESS;New York;Descent;Medium;Unknown bird;1805;N;24;0;0;0;10;4;250
WACO REGIONAL ARPT;C-560;None;09/12/2010;307112;No;2;CITATIONAIR;Texas;Descent;Small;Unknown bird;1120;N;30;0;0;0;15;4;250
LAGUARDIA NY;MD-88;None;11/11/2011;319187;Caused;2;DELTA AIR LINES;New York;Approach;Medium;Mallard;1830;N;32;0;5;5;7;4;250
MC ALLEN MILLER INTL;MD-82;Precautionary Landing;10/26/2010;307504;Caused;2;AMERICAN AIRLINES;Texas;Climb;Large;Turkey vulture;1552;N;36;0;0;0;10;4;240
SACRAMENTO INTL;A-319;None;12/24/2010;309403;Caused;2;US AIRWAYS;California;Approach;Medium;Northern pintail;1820;Y;66;0;0;0;13;4;210
NEW CENTURY AIRCENTER ARPT;GULFSTREAM V;None;4/18/2010;301577;Caused;2;BUSINESS;Kansas;Descent;Large;Unknown bird;2120;N;1;12321;35935;48256;30;4;250
UNKNOWN;C-310;None;03/09/2007;239676;Caused;2;BUSINESS;Louisiana;En Route;Large;Turkey vulture;1420;N;1;77784;14446;9223;20;4;170
KAHULUI ARPT;C-208;None;02/02/2009;262080;No;1;MOKULELE AIRLINES;Hawaii;Climb;Small;Zebra dove;840;Y;1;0;0;0;0;5;75
MELBOURNE INTL;PA-28;None;9/21/2011;316953;No;1;BUSINESS;Florida;Approach;Small;Unknown bird;1800;N;1;120;0;120;0;5;60
WASHINGTON COUNTY MEMORIAL;DIAMOND 20;None;06/04/2008;254527;No;1;BUSINESS;Kansas;Climb;Small;Unknown bird;1000;N;1;0;0;0;0;5;60
DAYTONA BEACH INTL;C-172;Precautionary Landing;10/01/2008;260563;No;1;BUSINESS;Florida;Climb;Small;Barn swallow;1705;Y;1;27;0;27;0;5;55
EL PASO INTL ARPT;B-737-700;None;3/23/2007;248097;No;2;SOUTHWEST AIRLINES;Texas;Approach;Medium;Unknown bird;728;N;1;0;0;0;0;5;135
SANGSTER INTL;CITATION X;None;4/18/2010;301579;No;2;XOJET;N/A;Climb;Small;Sparrows;930;N;1;103;0;103;0;5;120
WILL ROGERS WORLD ARPT;B-737-700;None;4/24/2011;311122;No;2;SOUTHWEST AIRLINES;Oklahoma;Approach;Small;Franklin's gull;1200;Y;1;200;0;200;0;5;135
AIR LOGICTICS N HELIPORT;BELL-407;Other;7/21/2011;313585;No;1;BUSINESS;Louisiana;Taxi;Medium;Gulls;743;Y;2;0;0;0;0;5;5
MAHLON SWEET FLD;DHC8 DASH 8;Precautionary Landing;8/31/2006;241691;Caused;2;HORIZON AIR;Oregon;Climb;Large;Canada goose;1905;N;1;17113;0;17113;15;5;200
LA CROSSE MUNICIPAL AIRPORT;CL-RJ100/200;None;4/23/2010;301553;No;2;SKYWEST AIRLINES;Wisconsin;Approach;Small;Sparrows;1530;N;1;1027;0;1027;0;5;130
CHANDLER MUNICIPAL ARPT;BE-33;None;7/17/2006;243531;Caused;1;BUSINESS;Arizona;Approach;Large;Turkey vulture;1030;Y;8;0;2932;2932;0;5;70
CHARLOTTE/DOUGLAS INTL ARPT;A-319;None;1/28/2010;301100;No;2;US AIRWAYS;North Carolina;Approach;Medium;Unknown bird;1318;N;10;205;0;205;0;5;120
GREAT FALLS INTL;DHC8 DASH 8;None;8/15/2007;251380;Caused;2;HORIZON AIR;Montana;Approach;Medium;Ring-billed gull;640;N;12;0;0;0;0;5;150
FRANCIS S GABRESKI ARPT;DA-900;Other;8/28/2009;266482;Caused;3;BUSINESS;New York;Climb;Large;Canada goose;815;N;1;3162;1265;15812;0;5;130
LONG BEACH-DAUGH FLD;A-320;Engine Shut Down;12/26/2006;238458;Caused;2;JETBLUE AIRWAYS;California;Climb;Medium;Red-tailed hawk;1057;Y;1;17684;0;17684;0;5;140
CHICAGO EXECUTIVE ARPT;LEARJET-45;None;09/01/2010;306766;Caused;2;DB AVIATION (NORTHSHORE);Illinois;Approach;Small;Unknown bird;1956;N;24;0;154;154;0;5;123
LAMBERT-ST LOUIS INTL;CHALLENGER 300;None;11/16/2010;308592;Caused;2;BUSINESS;Missouri;Approach;Medium;Unknown bird;1930;N;1;10267;12321;22588;15;5;250
LAGUARDIA NY;A-320;Other;11/10/2010;308507;Caused;2;DELTA AIR LINES;New York;Approach;Small;Horned lark;1140;Y;44;0;66736;66736;0;5;140
CLEVELAND-HOPKINS INTL ARPT;BE-1900;None;08/03/2007;241356;Caused;2;COMMUTAIR;Ohio;Approach;Medium;Red-tailed hawk;708;N;48;667;2889;3556;0;5;115
NEWPORT NEWS/WILLIAMSBURG INTL;LEARJET-35;None;8/17/2010;304651;Caused;2;BUSINESS;Virginia;Climb;Small;Unknown bird;1900;N;1;20534;93935;114469;0;5;110
BOWMAN FIELD;C-550;None;8/20/2007;248372;Caused;2;BUSINESS;Kentucky;Climb;Small;Unknown bird;800;Y;96;0;5556;5556;0;5;110
LAWRENCE MUNICIPAL ARPT (MA);LEARJET-45;None;11/24/2009;268033;Caused;2;BUSINESS;Massachusetts;Approach;Medium;Unknown bird;1630;Y;120;0;105413;105413;0;5;126
TULIP CITY ARPT;DA-10 FALCON;None;8/26/2010;305913;Caused;2;BUSINESS;Michigan;Approach;Medium;Red-tailed hawk;1100;N;1;7187;77003;8419;0;5;100
KINGS LAND O' LAKES ARPT;BE-300 KING;None;08/02/2010;304820;Caused;2;BUSINESS;Wisconsin;Approach;Large;Canada goose;1015;N;1;5134;7187;77004;0;5;90
PORTLAND INTL (OR);C-650;None;3/17/2009;257763;Caused;2;BUSINESS;Oregon;Descent;Medium;Unknown bird;0;N;1;21083;105413;126496;12;5;250
GEORGE BUSH INTERCONTINENTAL;SAAB-340;None;4/25/2009;264196;No;2;COLGAN AIRWAYS;Texas;Descent;Small;Unknown bird;1630;N;1;0;0;0;30;6;240
TULSA INTL;B-737-500;None;10/15/2009;268987;No;2;SOUTHWEST AIRLINES;Oklahoma;Descent;Medium;Unknown bird;2235;N;1;0;0;0;20;6;210
LAKE IN THE HILLS;BELLANCA 1730;Other;04/05/2011;311281;Caused;1;PRIVATELY OWNED;Illinois;Approach;Large;Canada goose;1820;N;5;200;300;500;0;6;70
AUSTIN-BERGSTROM INTL;EMB 500;None;9/30/2011;316172;Caused;2;EXECUTIVE AIRSHARE;Texas;Approach;Small;Sora;2330;N;1;25;16;185;20;6;250
CHICAGO O'HARE INTL ARPT;EMB-145;None;11/18/2010;309094;No;2;AMERICAN EAGLE AIRLINES;Illinois;Approach;Large;Unknown bird;1830;N;1;0;0;0;3;7;210
LAGUARDIA NY;B-737-700;None;11/01/2010;308491;No;2;SOUTHWEST AIRLINES;New York;Approach;Small;American robin;2100;N;1;0;0;0;25;7;250
ST GEORGE MUNICIPAL ARPT;EMB-120;None;4/30/2009;257539;No;2;SKYWEST AIRLINES;Utah;Approach;Small;Unknown bird;2215;N;1;0;0;0;8;7;200
SANGSTER INTL;A-321;None;7/24/2010;303250;No;2;US AIRWAYS;N/A;Approach;Medium;Gulls;1112;N;2;0;0;0;0;7;145
FERANDINA BEACH MUNICIPAL ARPT;PILATUS PC12;None;12/18/2009;268123;No;1;BUSINESS;Florida;Approach;Small;Unknown bird;1410;N;48;843;0;843;0;7;80
LOS ANGELES INTL;B-737-700;None;04/09/2010;301736;No;2;SOUTHWEST AIRLINES;California;Descent;Medium;Unknown bird;2155;N;1;1083;0;1083;40;8;250
HOUSTON-HOBBY;B-737-700;None;4/23/2010;300281;No;2;SOUTHWEST AIRLINES;Texas;Approach;Medium;Unknown bird;1345;N;4;0;0;0;15;9;250
AUBURN-OPELIKA RG PITTS;C-172;None;6/23/2010;302276;No;1;BUSINESS;Alabama;Approach;Small;Unknown bird;1000;Y;1;0;0;0;0;10;65
ATLANTA INTL;MD-82;None;06/09/2009;263406;No;2;AMERICAN AIRLINES;Georgia;Approach;Small;Unknown bird;1700;N;1;105;0;105;0;10;140
DALLAS/FORT WORTH INTL ARPT;DC-9;None;7/16/2010;303728;No;2;AMERICAN AIRLINES;Texas;Approach;Small;Unknown bird;825;Y;1;0;0;0;0;10;140
DENVER INTL AIRPORT;B-737-300;None;08/03/2009;263757;No;2;SOUTHWEST AIRLINES;Colorado;Climb;Small;Unknown bird;845;Y;1;211;0;211;0;10;140
GREENVILLE-SPARTANBURG INTL;B-737-700;None;7/24/2011;314375;No;2;SOUTHWEST AIRLINES;South Carolina;Approach;Small;Unknown bird;920;Y;1;0;0;0;0;10;130
KANSAS CITY INTL;B-737-300;None;10/26/2009;268953;No;2;SOUTHWEST AIRLINES;Missouri;Approach;Small;Franklin's gull;845;Y;1;0;0;0;0;10;141
KANSAS CITY INTL;B-737-700;None;08/09/2009;264425;No;2;SOUTHWEST AIRLINES;Missouri;Approach;Small;Unknown bird;1237;Y;1;0;0;0;0;10;145
LOS ANGELES INTL;B-737-300;None;10/14/2006;245745;No;2;SOUTHWEST AIRLINES;California;Climb;Small;American kestrel;1015;N;1;0;0;0;0;10;145
LOUISVILLE INTL ARPT;B-737-300;None;7/24/2007;247769;No;2;SOUTHWEST AIRLINES;Kentucky;Approach;Small;Unknown bird;2036;Y;1;333;0;333;0;10;130
MINETA SAN JOSE INTL;EMB-135;None;7/13/2011;313577;No;2;ADI SHUTTLE GROUP;California;Climb;Small;Unknown bird;945;N;1;0;0;0;0;10;130
NANTUCKET MEMORIAL;C-402;None;7/22/2009;263884;No;2;CAPE AIR;Massachusetts;Approach;Small;Unknown bird;846;N;1;0;0;0;0;10;90
NEW ORLEANS INTL;B-737-300;None;10/29/2010;307419;No;2;SOUTHWEST AIRLINES;Louisiana;Approach;Small;Unknown bird;900;N;1;0;0;0;0;10;140
PORT COLUMBUS INTL;B-737-300;None;10/14/2007;250880;No;2;SOUTHWEST AIRLINES;Ohio;Approach;Medium;Red-tailed hawk;1050;N;1;0;0;0;0;10;135
QUAD CITY ARPT;CL-RJ700;None;10/17/2007;249601;No;2;SKYWEST AIRLINES;Illinois;Approach;Small;Unknown bird;915;Y;1;0;0;0;0;10;130
SALT LAKE CITY INTL;CL-RJ700;None;2/23/2007;245637;No;2;SKYWEST AIRLINES;Utah;Approach;Small;Horned lark;1025;Y;1;0;0;0;0;10;125
SAN FRANCISCO INTL ARPT;B-737-700;None;11/22/2011;318874;No;2;SOUTHWEST AIRLINES;California;Approach;Small;Wilson's snipe;1741;N;1;600;0;600;0;10;125
VENANGO REGIONAL;BE-1900;None;8/21/2009;267140;No;2;GULFSTREAM INTL AIRLINES;Pennsylvania;Climb;Small;Unknown bird;1747;N;1;0;0;0;0;10;111
ADAMS FIELD ARPT;EMB-145;Precautionary Landing;7/27/2007;248908;No;2;AMERICAN EAGLE AIRLINES;Arkansas;Climb;Small;Purple martin;2024;N;1;0;0;0;0;10;150
HONOLULU INTL ARPT;B-717-200;Precautionary Landing;12/31/2008;259595;No;2;HAWAIIAN AIR;Hawaii;Climb;Small;Pacific golden-plover;1805;Y;1;0;0;0;0;10;140
SALISBURY-WICOMICO;RKWL SHRIKE;Precautionary Landing;7/25/2007;246736;Caused;2;BUSINESS;Maryland;Climb;Small;Unknown bird;2010;N;1;0;556;556;0;10;100
RUSSELLVILLE REGIONAL ARPT;C-182 SKYLAN;Precautionary Landing;05/06/2009;268908;No;1;PRIVATELY OWNED;Arkansas;Climb;Large;Wild turkey;1500;N;2;0;0;0;0;10;70
HILO INTL ARPT;CL-RJ100/200;None;10/28/2008;259399;No;2;MESA AIRLINES;Hawaii;Approach;Small;Common myna;1420;N;2;0;0;0;0;10;135
JOHN F KENNEDY INTL;A-320;None;04/05/2009;262593;Caused;2;JETBLUE AIRWAYS;New York;Approach;Medium;Unknown bird;1400;N;2;0;0;0;0;10;130
LOVELL FIELD ARPT;CL-RJ100/200;None;8/27/2010;305915;Caused;2;AIR WISCONSIN AIRLINES;Tennessee;Approach;Small;Mourning dove;1925;Y;2;0;513;513;0;10;125
MONTROSE REGIONAL ARPT;EMB-120;None;7/18/2006;242751;No;2;SKYWEST AIRLINES;Colorado;Approach;Small;Unknown bird;1825;N;2;0;0;0;0;10;120
LUBBOCK INTL;B-737-300;Other;5/30/2011;311776;No;2;SOUTHWEST AIRLINES;Texas;Approach;Medium;Unknown bird;2020;N;2;0;0;0;0;10;150
FORT LAUDERDALE/HOLLYWOOD INTL;A-319;Precautionary Landing;5/24/2010;300316;No;2;SPIRIT AIRLINES;Florida;Climb;Small;Dunlin;1650;Y;2;0;0;0;0;10;143
ST LOUIS DOWNTOWN;PILATUS PC12;None;7/25/2011;314398;No;1;BUSINESS;Illinois;Approach;Small;Unknown bird;2120;N;3;200;0;200;0;10;100
HARRISBURG INTL;EMB-145;None;8/18/2007;250003;No;2;AMERICAN EAGLE AIRLINES;Pennsylvania;Approach;Small;Bank swallow;1130;Y;3;0;0;0;0;10;130
CHICAGO MIDWAY INTL ARPT;B-737-700;Precautionary Landing;03/07/2011;310594;Caused;2;SOUTHWEST AIRLINES;Illinois;Climb;Medium;Red-tailed hawk;1415;Y;3;0;0;0;0;10;135
SITKA ROCKY GUTIERREZ ARPT;ATR-42;Precautionary Landing;9/28/2011;317270;No;2;EMPIRE AIRLINES;Alaska;Climb;Small;Unknown bird;933;N;3;200;0;200;0;10;95
SITKA ROCKY GUTIERREZ ARPT;ATR-42;None;04/09/2010;300009;No;2;EMPIRE AIRLINES;Alaska;Approach;Large;Bald eagle;1012;Y;1;154;0;154;0;10;105
MIDDLE GEORGIA REGIONAL;C-208;None;09/08/2009;268294;Caused;1;PACIFIC WINGS;Georgia;Approach;Large;Turkey vulture;1630;N;1;3162;5271;8433;0;10;90
TAMPA INTL;A-320;Precautionary Landing;10/21/2009;266827;Caused;2;JETBLUE AIRWAYS;Florida;Climb;Small;Black-bellied plover;1917;Y;8;0;132433;132433;0;10;150
CHICAGO O'HARE INTL ARPT;EMB-190;None;9/19/2010;306193;Caused;2;JETBLUE AIRWAYS;Illinois;Climb;Medium;Peregrine falcon;705;Y;12;0;0;0;0;10;140
METRO OAKLAND INTL;B-737-700;Precautionary Landing;9/23/2006;238139;Caused;2;ALOHA AIRLINES;California;Climb;Medium;Unknown bird;2300;Y;12;0;1141;1141;0;10;143
FINDLAY ARPT;C-650;Precautionary Landing;7/20/2010;304316;No;2;BUSINESS;Ohio;Climb;Small;Mourning dove;2054;N;1;308;0;308;0;10;130
PHI FOURCHON BASE HELIPORT;BELL-407;Precautionary Landing;5/19/2010;301942;No;1;PHI INC;Louisiana;Climb;Small;Egrets;1410;Y;20;0;0;0;0;10;25
L F WADE INTL ARPT;B-737-800;None;03/06/2009;261468;Caused;2;AMERICAN AIRLINES;N/A;Approach;Large;Sandhill crane;1849;N;20;0;0;0;0;10;145
WAUKEGAN REGIONAL ARPT;LEARJET-45;None;9/30/2008;257587;Caused;2;DB AVIATION (NORTHSHORE);Illinois;Climb;Large;Canada goose;708;N;24;0;1082;1082;0;10;125
BOB HOPE ARPT;B-737-700;Precautionary Landing;7/30/2011;313571;Caused;2;SOUTHWEST AIRLINES;California;Climb;Small;Rock pigeon;705;N;1;20;3250000;3270000;0;10;130
SALT LAKE CITY INTL;GULFSTRM 200;None;01/01/2011;309862;No;2;BUSINESS;Utah;Approach;Small;Horned lark;936;N;36;0;0;0;0;10;130
RICHLAND ARPT;C-152;Precautionary Landing;6/23/2011;313228;Caused;1;BUSINESS;Washington;Climb;Medium;California gull;1730;N;1;500;12;17;0;10;55
ORLANDO SANFORD INTL AIRPORT;B-767-300;Precautionary Landing;4/20/2011;310993;Caused;2;THOMSONFLY;Florida;Climb;Large;Bald eagle;1827;Y;120;70;4500000;4570000;0;10;160
ELLINGTON FIELD ARPT;C-650;None;9/15/2009;267457;Caused;2;BUSINESS;Texas;Approach;Small;Unknown bird;844;N;1;2108;85385;87493;0;10;126
OLYMPIA ARPT;BE-35;None;5/22/2010;301954;Caused;1;BUSINESS;Washington;Approach;Large;Hawks;1452;N;528;0;2669;2669;0;10;80
GROSSE ILE MUNICIPAL ARPT;C-550;None;7/27/2006;240170;Caused;2;BUSINESS;Michigan;Approach;Large;Canada goose;900;N;1;5704;114088;119792;0;10;100
PHOENIX SKY HARBOR;CL-RJ100/200;Other;8/17/2010;304652;Caused;2;MESA AIRLINES;Arizona;Descent;Medium;Northern pintail;850;N;8;0;51336;51336;20;11;250
NASHVILLE INTL;B-737-300;None;6/23/2011;312804;No;2;SOUTHWEST AIRLINES;Tennessee;Climb;Small;Unknown bird;1007;N;1;800;0;800;0;12;135
SAN ANTONIO INTL;B-757-200;None;4/16/2007;247375;Caused;2;UPS AIRLINES;Texas;Climb;Large;Unknown bird;2230;Y;12;0;34003;34003;20;14;270
OHIO STATE UNIVERSITY;C-208;Precautionary Landing;9/21/2006;243898;No;1;GOVERNMENT;Ohio;Climb;Small;Mourning dove;905;N;1;0;0;0;0;15;85
BUFFALO-NIAGARA INTL;BE-1900;None;9/13/2006;242917;No;2;COMMUTAIR;New York;Approach;Medium;Ring-billed gull;1345;Y;1;0;0;0;0;15;115
COLORADO SPRINGS MUNICIPAL;CL-RJ700;None;7/19/2007;242901;No;2;SKYWEST AIRLINES;Colorado;Climb;Small;Unknown bird;800;N;1;0;0;0;0;15;140
OPA-LOCKA EXECUTIVE ARPT;DA-20 FALCON;None;09/01/2010;306871;No;2;GOVERNMENT;Florida;Approach;Small;Burrowing owl;2045;N;1;513;0;513;0;15;120
ALBERT J ELLIS;CL-RJ100/200;Other;6/18/2007;247573;No;2;PSA AIRLINES;North Carolina;Approach;Small;Barn swallow;830;N;4;0;0;0;0;15;110
SITKA ROCKY GUTIERREZ ARPT;BE-400 BJET;Precautionary Landing;8/27/2007;247877;No;2;FLIGHT OPTIONS;Alaska;Climb;Medium;Unknown bird;903;N;24;800;0;800;0;15;120
TETERBORO AIRPORT;DA-50 FALCON;Precautionary Landing;10/08/2008;259126;Caused;3;BUSINESS;New Jersey;Climb;Large;Canada goose;857;Y;168;162343;270572;432915;0;15;125
CHADRON MUNICIPAL ARPT;C-172;None;8/31/2008;257993;No;1;PRIVATELY OWNED;Nebraska;Approach;Small;Western meadowlark;815;N;1;0;0;0;0;20;65
BARKLEY REGIONAL ARPT;CL-RJ100/200;None;04/09/2010;301725;No;2;SKYWEST AIRLINES;Kentucky;Approach;Small;Unknown bird;1403;N;1;0;0;0;0;20;130
BUFFALO-NIAGARA INTL;B-737-300;None;03/12/2009;261327;No;2;SOUTHWEST AIRLINES;New York;Approach;Medium;Ring-billed gull;940;Y;1;0;0;0;0;20;140
COLORADO SPRINGS MUNICIPAL;CL-RJ700;None;02/09/2010;300908;No;2;SKYWEST AIRLINES;Colorado;Climb;Small;Unknown bird;1120;N;1;0;0;0;0;20;130
COLUMBIA REGIONAL;CL-RJ100/200;None;6/23/2011;312798;No;2;PINNACLE;Missouri;Approach;Small;American kestrel;1557;N;1;0;0;0;0;20;140
DAYTONA BEACH INTL;CL-RJ700;None;12/25/2008;262457;No;2;PSA AIRLINES;Florida;Approach;Small;Tree swallow;1114;Y;1;0;0;0;0;20;120
DAYTONA BEACH INTL;PA-34 SENECA;None;1/31/2009;258244;No;2;BUSINESS;Florida;Climb;Small;Cattle egret;1305;Y;1;26;0;26;0;20;85
HECTOR INTERNATIONAL;CL-RJ100/200;None;9/15/2006;239046;No;2;SKYWEST AIRLINES;North Dakota;Approach;Small;Unknown bird;1505;Y;1;0;0;0;0;20;135
JACKSONVILLE INTL;B-737-300;None;10/27/2006;248326;No;2;SOUTHWEST AIRLINES;Florida;Approach;Small;Unknown bird;1755;N;1;0;0;0;0;20;140
OUTAGAMIE COUNTY REGIONAL;CL-RJ100/200;None;04/12/2007;242789;No;2;ATLANTIC SOUTHEAST;Wisconsin;Approach;Medium;Ring-billed gull;1000;N;1;0;0;0;0;20;150
TAMPA INTL;B-737-700;None;7/19/2010;304357;No;2;SOUTHWEST AIRLINES;Florida;Approach;Small;Unknown bird;1730;Y;1;0;0;0;0;20;130
TOLEDO EXPRESS ARPT;MD-83;None;8/22/2010;305812;No;2;ALLEGIANT AIR;Ohio;Approach;Small;Unknown bird;955;N;1;0;0;0;0;20;135
CAPE MAY COUNTY ARPT;RKWL AC-680;None;1/20/2010;300669;Caused;2;FAA;New Jersey;Climb;Small;Piping plover;1100;N;2;0;205;205;0;20;110
GENERAL MITCHELL INTL;GULFSTREAM V;None;07/11/2008;259343;No;2;BUSINESS;Wisconsin;Approach;Small;European starling;1445;Y;3;0;0;0;0;20;115
ATLANTIC CITY INTL;A-320;Other;7/29/2009;264990;No;2;JETBLUE AIRWAYS;New Jersey;Approach;Small;Eastern meadowlark;645;N;3;0;0;0;0;20;140
HARVEY FIELD;PA-18 SUPER CUB;None;5/31/2009;267099;Caused;1;PRIVATELY OWNED;Washington;Climb;Small;Unknown bird;1700;N;4;0;26;26;0;20;55
NEW BEDFORD REGIONAL ARPT;C-402;None;09/07/2009;263097;Caused;2;CAPE AIR;Massachusetts;Approach;Large;Canada goose;1030;N;10;0;0;0;0;20;100
STEWART INTL AIRPORT;A-320;Precautionary Landing;5/23/2010;301956;Caused;2;JETBLUE AIRWAYS;New York;Climb;Large;Canada goose;912;N;22;0;0;0;0;20;120
CINCINNATI/NORTHERN KENTUCKY INTL ARPT;MD-88;Other;9/25/2008;257386;Caused;2;DELTA AIR LINES;Kentucky;Approach;Small;European starling;1906;Y;24;0;0;0;0;20;140
METRO OAKLAND INTL;B-737-800;Engine Shut Down;9/25/2011;316138;Caused;2;ALASKA AIRLINES;California;Climb;Large;Canada goose;718;Y;48;0;0;0;0;20;153
HENDERSON FIELD;B-747-400;None;6/16/2011;312572;Caused;4;DELTA AIR LINES;Prince Edward Island;Approach;Large;Laysan albatross;1740;Y;48;0;0;0;0;20;160
JOE FOSS FIELD ARPT;SA227 AC METRO III;Other;8/15/2006;246507;Caused;2;BUSINESS;South Dakota;Approach;Medium;Unknown bird;200;N;1;5704;342263;347967;0;20;120
PORT COLUMBUS INTL;HAWKER 800;Precautionary Landing;3/26/2010;300463;Caused;2;BUSINESS;Ohio;Climb;Small;Eastern meadowlark;1417;N;120;0;133472;133472;0;20;130
NEWARK-HEATH ARPT;BE-90  KING;None;08/03/2006;239515;No;2;BUSINESS;Ohio;Approach;Small;Unknown bird;1700;N;144;0;5704;5704;0;20;100
ALPENA COUNTY REG;SAAB-340;None;09/01/2009;266270;Caused;2;MESABA AIRLINES;Michigan;Approach;Medium;Unknown bird;2300;N;2;0;0;0;0;22;250
DAYTONA BEACH INTL;CAP AVION MUDRY;None;11/08/2008;260997;No;1;BUSINESS;Florida;Approach;Small;Mourning dove;1700;Y;1;54;0;54;0;25;180
DENVER INTL AIRPORT;B-737-700;None;11/06/2010;308981;No;2;SOUTHWEST AIRLINES;Colorado;Climb;Small;Unknown bird;1034;N;1;0;0;0;0;25;140
PITT-GREENVILLE ARPT;CL-RJ100/200;None;8/18/2011;314731;No;2;PSA AIRLINES;North Carolina;Approach;Small;Killdeer;1915;N;1;0;0;0;0;25;140
DAYTONA BEACH INTL;DIAMOND 42;Precautionary Landing;08/10/2010;305138;No;2;BUSINESS;Florida;Climb;Small;Killdeer;1845;Y;1;51;0;51;0;25;80
PORTLAND INTL (OR);EMB-120;Precautionary Landing;8/16/2007;247537;No;2;SKYWEST AIRLINES;Oregon;Climb;Large;Great blue heron;1055;Y;1;0;0;0;0;25;110
CORPUS CHRISTI INTL ARPT;CL-RJ100/200;None;7/26/2007;246632;No;2;CHAUTAUQUA AIRLINES;Texas;Approach;Small;Laughing gull;1445;N;2;151;0;151;0;25;135
ORLANDO INTL;A-320;Other;12/08/2009;269824;No;2;JETBLUE AIRWAYS;Florida;Approach;Large;Bald eagle;752;Y;3;0;0;0;0;25;180
HOUSTON-HOBBY;CITATIONJET;None;8/23/2006;204368;No;2;BUSINESS;Texas;Climb;Medium;Unknown bird;1826;N;1;1711;0;1711;110;25;0
ORLANDO INTL;A-320;None;4/26/2008;252784;Caused;2;JETBLUE AIRWAYS;Florida;Approach;Medium;Unknown bird;120;N;6;0;0;0;0;25;130
MONMOUTH EXECUTIVE ARPT;BE-400 BJET;None;3/18/2010;300549;Caused;2;BUSINESS;New Jersey;Climb;Large;Great black-backed gull;2110;N;1;20534;1232;21766;0;25;120
DETROIT METRO WAYNE COUNTY ARPT;A-318;None;7/14/2007;245270;No;2;FRONTIER AIRLINES;Michigan;Approach;Medium;Unknown bird;1810;N;1;0;0;0;0;30;120
SAN ANTONIO INTL;B-737-700;None;10/12/2010;308316;No;2;SOUTHWEST AIRLINES;Texas;Approach;Small;Unknown bird;1821;N;1;0;0;0;0;30;140
BOB HOPE ARPT;B-737-700;Other;7/29/2011;313566;No;2;SOUTHWEST AIRLINES;California;Approach;Small;Rock pigeon;757;N;1;300;0;300;0;30;135
SALT LAKE CITY INTL;A-319;Precautionary Landing;06/03/2011;313008;No;2;DELTA AIR LINES;Utah;Climb;Medium;Mallard;1800;Y;1;0;0;0;0;30;120
WILLOW RUN ARPT;C-650;None;7/13/2010;304207;No;2;BUSINESS;Michigan;Approach;Small;Swallows;805;N;8;0;0;0;0;30;110
ONTARIO INTL ARPT;A-320;None;11/28/2006;244318;Caused;2;JETBLUE AIRWAYS;California;Approach;Small;Barn owl;2345;N;12;0;73016;73016;0;30;135
DENVER INTL AIRPORT;B-737-700;Other;7/13/2010;304203;No;2;SOUTHWEST AIRLINES;Colorado;Approach;Small;Unknown bird;900;Y;1;616;0;616;0;35;140
MBS INTL;CL-RJ100/200;None;3/21/2011;310287;No;2;SKYWEST AIRLINES;Michigan;Climb;Medium;Gulls;905;Y;1;0;0;0;0;40;130
AIR LOGISTICS GALLIANO HELIPORT;SIKORSKY S-76;Other;2/22/2011;309973;No;2;BUSINESS;Louisiana;Climb;Small;Unknown bird;612;N;1;0;0;0;0;40;50
DAYTONA BEACH INTL;MD-88;Other;09/06/2008;259234;No;2;DELTA AIR LINES;Florida;Approach;Small;Barn swallow;1125;N;1;0;0;0;0;40;145
HENDERSON FIELD;B-737-800;None;06/04/2008;256741;No;2;CONTINENTAL MICRONESIA;Prince Edward Island;Approach;Large;Laysan albatross;1240;Y;2;0;0;0;0;40;140
KODIAK AIRPORT;B-737-400;None;06/01/2010;302458;Caused;2;ALASKA AIRLINES;Alaska;Approach;Medium;Glaucous-winged gull;1554;N;2;0;0;0;0;40;130
MERRIT ISLAND ARPT;PA-28;None;10/20/2011;318590;Caused;1;BUSINESS;Florida;Approach;Large;Osprey;1530;N;23;0;150;150;0;40;65
FORT LAUDERDALE/HOLLYWOOD INTL;A-321;Other;05/01/2011;311627;No;2;AIR CANADA;Florida;Approach;Medium;Mottled duck;1722;Y;1;0;0;0;0;45;143
AUSTIN-BERGSTROM INTL;EMB-190;None;05/01/2007;244029;No;2;JETBLUE AIRWAYS;Texas;Approach;Small;Unknown bird;1030;N;1;0;0;0;0;50;140
BIRMINGHAM-SHUTTLESWORTH INTL;CL-RJ100/200;None;07/07/2009;264994;No;2;ATLANTIC SOUTHEAST;Alabama;Approach;Small;Unknown bird;915;N;1;0;0;0;0;50;145
BUFFALO-NIAGARA INTL;A-320;None;04/06/2011;311293;No;2;JETBLUE AIRWAYS;New York;Approach;Small;Unknown bird;750;N;1;0;0;0;0;50;130
BUFFALO-NIAGARA INTL;EMB-145;None;09/12/2007;250282;No;2;AMERICAN EAGLE AIRLINES;New York;Approach;Small;Mourning dove;1030;Y;1;0;0;0;0;50;140
DALLAS/FORT WORTH INTL ARPT;MD-82;None;6/16/2011;313139;No;2;AMERICAN AIRLINES;Texas;Approach;Medium;Unknown bird;1930;N;1;0;0;0;0;50;130
DENVER INTL AIRPORT;A-319;None;01/10/2011;309673;No;2;FRONTIER AIRLINES;Colorado;Climb;Small;Horned lark;1100;N;1;0;0;0;0;50;140
EL PASO INTL ARPT;B-737-300;None;5/14/2007;246292;No;2;SOUTHWEST AIRLINES;Texas;Climb;Small;Unknown bird;1920;N;1;0;0;0;0;50;160
EPPLEY AIRFIELD;B-737-700;None;10/09/2006;242199;No;2;SOUTHWEST AIRLINES;Nebraska;Climb;Small;Unknown bird;824;N;1;0;0;0;0;50;150
JACKSONVILLE INTL;B-737-700;None;09/01/2006;241839;No;2;SOUTHWEST AIRLINES;Florida;Approach;Small;Mourning dove;740;N;1;0;0;0;0;50;126
JOHN WAYNE AIRPORT;B-737-700;None;12/22/2008;260484;Caused;2;SOUTHWEST AIRLINES;California;Approach;Large;Turkey vulture;751;Y;1;0;0;0;0;50;130
NEW ORLEANS INTL;A-320;None;10/05/2010;307764;No;2;JETBLUE AIRWAYS;Louisiana;Approach;Small;Unknown bird;845;N;1;0;0;0;0;50;140
ONTARIO INTL ARPT;B-737-300;None;11/26/2010;309171;No;2;SOUTHWEST AIRLINES;California;Approach;Small;Unknown bird;1330;N;1;0;0;0;0;50;140
GREATER PITTSBURGH;B-737-300;Precautionary Landing;08/09/2009;264426;No;2;SOUTHWEST AIRLINES;Pennsylvania;Climb;Small;Unknown bird;1217;Y;1;0;0;0;0;50;150
SALT LAKE CITY INTL;BE-200 KING;Precautionary Landing;10/17/2007;243496;No;2;BUSINESS;Utah;Climb;Small;American kestrel;1055;N;1;556;0;556;0;50;110
CEDAR CITY REGIONAL;BE-200 KING;None;5/24/2010;302441;No;2;BUSINESS;Utah;Approach;Small;Unknown bird;630;N;1;2053;0;2053;0;50;110
MINNEAPOLIS-ST PAUL INTL;A-319;None;09/03/2007;247782;No;2;FRONTIER AIRLINES;Minnesota;Approach;Medium;Unknown bird;1900;Y;2;0;0;0;0;50;140
DENVER INTL AIRPORT;A-319;Precautionary Landing;11/02/2007;255318;No;2;FRONTIER AIRLINES;Colorado;Climb;Small;Unknown bird;900;N;2;0;0;0;0;50;140
MEMPHIS INTL;CL-RJ900;Precautionary Landing;01/04/2007;247210;No;2;MESA AIRLINES;Tennessee;Climb;Small;European starling;803;Y;2;0;0;0;0;50;150
CINCINNATI/NORTHERN KENTUCKY INTL ARPT;B-767-300;None;09/04/2010;306769;No;2;ASTAR AIR CARGO;Kentucky;Approach;Small;Unknown bird;945;N;3;0;0;0;0;50;155
GREATER PITTSBURGH;B-737-700;Precautionary Landing;7/18/2010;303211;No;2;SOUTHWEST AIRLINES;Pennsylvania;Climb;Small;European starling;707;Y;3;0;0;0;0;50;160
BALTIMORE WASH INTL;B-737-700;None;08/05/2008;258229;No;2;SOUTHWEST AIRLINES;Maryland;Approach;Small;European starling;1643;Y;4;0;0;0;0;50;130
SACRAMENTO INTL;B-737-800;Precautionary Landing;08/11/2011;314626;Caused;2;ALASKA AIRLINES;California;Climb;Large;Great horned owl;2325;Y;4;0;0;0;0;50;150
BIRMINGHAM-SHUTTLESWORTH INTL;B-737-700;None;9/15/2010;307182;Caused;2;SOUTHWEST AIRLINES;Alabama;Approach;Small;Unknown bird;1550;Y;6;0;308;308;0;50;135
SEATTLE-TACOMA INTL;DHC8 DASH 8;None;8/18/2011;314727;Caused;2;HORIZON AIR;Washington;Approach;Small;European starling;850;Y;6;0;0;0;0;50;120
LOUISVILLE INTL ARPT;B-737-700;None;6/21/2006;240467;No;2;SOUTHWEST AIRLINES;Kentucky;Climb;Small;European starling;615;Y;7;0;0;0;0;50;130
WILLOW RUN ARPT;C-172;Precautionary Landing;6/16/2009;261483;No;1;BUSINESS;Michigan;Climb;Small;Unknown bird;825;Y;8;0;0;0;0;50;60
GREATER ROCKFORD;B-767-300;None;8/13/2011;314680;No;2;RYAN INTL AIRLINES;Illinois;Approach;Medium;Ducks;1900;N;8;0;0;0;0;50;100
LOS ANGELES INTL;B-737-800;None;4/14/2009;261101;No;2;CONTINENTAL AIRLINES;California;Approach;Small;Western sandpiper;1719;N;9;0;9039;9039;0;50;160
JOHN F KENNEDY INTL;A-320;None;4/26/2008;253021;Caused;2;JETBLUE AIRWAYS;New York;Approach;Medium;Unknown bird;633;N;10;0;0;0;0;50;130
WATERBURY-OXFORD ARPT;CHALLENGER 300;None;8/19/2009;265960;No;2;BUSINESS;Connecticut;Climb;Small;Unknown bird;1023;N;16;0;0;0;0;50;145
LAGUARDIA NY;MD-88;None;9/29/2009;267225;Caused;2;DELTA AIR LINES;New York;Approach;Large;Double-crested cormorant;1758;Y;24;0;527067;527067;0;50;140
SAN FRANCISCO INTL ARPT;B-767-300;Precautionary Landing;11/01/2006;243744;Caused;2;HAWAIIAN AIR;California;Climb;Small;White-tailed kite;852;Y;40;0;5704387;5704387;0;50;160
DANE COUNTY REGIONAL ARPT-TRUAX FLD;LEARJET-45;None;08/08/2007;248831;Caused;2;BUSINESS;Wisconsin;Climb;Small;Killdeer;1800;N;48;0;33336;33336;0;50;140
CHARLOTTE/DOUGLAS INTL ARPT;CL-RJ900;Precautionary Landing;08/10/2008;259336;Caused;2;MESA AIRLINES;North Carolina;Climb;Small;Unknown bird;1546;N;48;0;0;0;0;50;150
BLUE GRASS ARPT;DA-50 FALCON;Precautionary Landing;8/22/2007;248666;No;3;BUSINESS;Kentucky;Climb;Small;European starling;750;N;48;0;0;0;0;50;126
VANCE BRAND ARPT;MOONEY-20K;None;10/23/2009;269446;Caused;1;PRIVATELY OWNED;Colorado;Climb;Large;Unknown bird;1920;N;168;0;0;0;0;50;75
SPRINGDALE MUNICIPAL ARPT;LEARJET-45;None;02/04/2010;301143;Caused;2;BUSINESS;Arkansas;Climb;Medium;Ring-billed gull;1450;N;384;0;123205;123205;0;50;150
LOS ANGELES INTL;B-747-400;None;12/24/2009;269813;Caused;4;AIR CHINA CARGO;California;Approach;Large;Unknown bird;2328;Y;8;0;2635;2635;0;65;156
SACRAMENTO INTL;B-737-300;None;7/27/2006;245167;No;2;SOUTHWEST AIRLINES;California;Climb;Small;Unknown bird;802;N;1;0;0;0;0;70;145
SACRAMENTO INTL;B-737-700;None;10/23/2008;257875;No;2;SOUTHWEST AIRLINES;California;Approach;Small;Unknown bird;814;Y;1;0;0;0;0;75;135
GRAND CANYON NATIONAL;DHC6;None;7/18/2011;314807;Caused;2;GRAND CANYON AIRLINES;Arizona;Climb;Large;Unknown bird;637;N;48;0;0;0;0;75;85
JOE FOSS FIELD ARPT;CL-RJ100/200;None;8/15/2006;239225;No;2;SKYWEST AIRLINES;South Dakota;Approach;Small;Unknown bird;1810;N;1;0;0;0;0;80;145
IGOR I SIKORSKY MEMORIAL;GULFSTREAM V;None;6/17/2009;262806;Caused;2;BUSINESS;Connecticut;Approach;Medium;Unknown bird;2122;N;1;0;90;90;0;100;125
MINETA SAN JOSE INTL;B-737-700;None;6/14/2009;262334;No;2;SOUTHWEST AIRLINES;California;Approach;Medium;California gull;1800;Y;1;0;0;0;0;100;130
RALEIGH-DURHAM INTL;EMB-190;None;5/23/2009;261510;No;2;JETBLUE AIRWAYS;North Carolina;Approach;Medium;Cooper's hawk;1120;N;1;0;0;0;0;100;139
WESTCHESTER COUNTY ARPT;B-717-200;None;5/31/2009;262588;No;2;AIRTRAN AIRWAYS;New York;Approach;Small;American goldfinch;1300;N;1;0;0;0;1;100;133
MC CLELLAN AIRFIELD;LOCKHEED C-130;Precautionary Landing;06/09/2009;263449;No;4;GOVERNMENT;California;Approach;Small;Unknown bird;1210;N;1;0;0;0;0;100;133
VICTORIA INTL;DHC8 DASH 8;None;3/16/2011;310311;Caused;2;HORIZON AIR;British Columbia;Climb;Medium;Unknown bird;900;N;12;0;0;0;0;100;135
SACRAMENTO INTL;B-737-500;None;1/15/2008;255770;No;2;SOUTHWEST AIRLINES;California;Approach;Small;Savannah sparrow;830;Y;3;0;0;0;1;150;120
LOS ANGELES INTL;B-747-400;Precautionary Landing;06/07/2009;263494;Caused;4;POLAR AIR CARGO;California;Climb;Medium;Black-crowned night-heron;2300;Y;1;189744;73789;263533;1;150;180
DALLAS/FORT WORTH INTL ARPT;MD-82;None;11/13/2007;251269;No;2;AMERICAN AIRLINES;Texas;Approach;Small;European starling;1220;Y;1;0;0;0;0;200;140
ORLANDO INTL;A-320;Precautionary Landing;5/21/2007;247965;No;2;JETBLUE AIRWAYS;Florida;Climb;Medium;Anhinga;1640;N;1;3889;0;3889;0;200;155
ORMOND BEACH MUNICIPAL ARPT;PA-28;None;12/10/2009;269069;No;1;BUSINESS;Florida;Approach;Small;Snowy egret;1240;Y;2;0;0;0;0;200;70
EPPLEY AIRFIELD;A-318;None;10/06/2009;267783;No;2;FRONTIER AIRLINES;Nebraska;Approach;Small;Unknown bird;915;N;1;0;0;0;1;300;125
MCCARREN INTL;A-319;None;11/25/2008;262188;No;2;FRONTIER AIRLINES;Nevada;Approach;Small;Unknown bird;920;N;1;0;0;0;1;300;130
SNOHOMISH CO (PAINE FIELD);B-777-300;None;10/06/2009;266886;Caused;2;BOEING COMMERCIAL AIRPLANE GRP;Washington;Approach;Medium;Red-tailed hawk;1206;N;1;0;23718;23718;2;300;144
SACRAMENTO INTL;A-320;Other;05/04/2011;311664;Caused;2;JETBLUE AIRWAYS;California;Approach;Medium;White-faced ibis;2330;Y;4;0;0;0;1;300;150
SALT LAKE CITY INTL;A-320;Precautionary Landing;11/24/2010;309151;No;2;DELTA AIR LINES;Utah;Climb;Medium;Gadwall;20;Y;8;0;0;0;1;300;170
SACRAMENTO INTL;C-208;Other;2/18/2010;301390;Caused;1;WESTAIR;California;Approach;Large;Tundra swan;1840;Y;80;0;82137;82137;3;300;160
TWENTYNINE PALMS;BELL-412;Precautionary Landing;8/24/2011;314628;No;1;BUSINESS;California;Approach;Large;Unknown bird;1235;N;1;0;0;0;6;320;60
SACRAMENTO INTL;B-737-300;None;11/11/2010;308515;Caused;2;SOUTHWEST AIRLINES;California;Approach;Medium;Red-tailed hawk;1130;Y;24;0;10267;10267;2;400;131
TAMPA INTL;B-737-800;None;10/04/2010;308144;Caused;2;AMERICAN AIRLINES;Florida;Approach;Large;Unknown bird;2000;N;24;0;308;308;1;400;146
EVANSVILLE REGIONAL;BELL-206;None;5/28/2008;254548;Caused;1;GOVERNMENT;Indiana;Descent;Medium;Unknown bird;800;N;40;0;5411;5411;7;400;80
CHINO AIRPORT;ROBINSON R44;Precautionary Landing;01/04/2008;250861;Caused;1;BUSINESS;California;Approach;Medium;Unknown bird;1222;Y;1;3788;1623;39503;0;400;95
CORPUS CHRISTI INTL ARPT;B-737-300;None;9/20/2011;316934;No;2;SOUTHWEST AIRLINES;Texas;Approach;Small;Unknown bird;1615;N;1;400;0;400;2;500;145
DES MOINES INTL;MD-82;None;09/03/2010;306915;No;2;ALLEGIANT AIR;Iowa;Approach;Small;Unknown bird;1615;N;1;0;0;0;1;500;142
LONG ISLAND MAC ARTHUR;B-737-700;Other;4/18/2011;310972;No;2;SOUTHWEST AIRLINES;New York;Approach;Medium;Hawks;1115;Y;1;0;0;0;2;500;130
BALTIMORE WASH INTL;B-737-700;None;8/21/2009;267142;Caused;2;SOUTHWEST AIRLINES;Maryland;Approach;Small;House sparrow;1020;Y;2;0;0;0;1;500;135
SAN FRANCISCO INTL ARPT;CL-RJ100/200;Precautionary Landing;7/31/2006;245106;Caused;2;SKYWEST AIRLINES;California;Climb;Large;Brown pelican;806;N;30;0;0;0;1;500;180
LOGAN INTL;B-737-700;None;11/06/2010;308550;No;2;SOUTHWEST AIRLINES;Massachusetts;Approach;Small;Nelson's sharp-tailed sparrow;1910;Y;1;205;0;205;1;600;124
PITT-GREENVILLE ARPT;CL-RJ100/200;None;10/08/2010;308064;No;2;PSA AIRLINES;North Carolina;Approach;Small;Blackbirds;1400;N;1;308;0;308;2;600;140
JOHN WAYNE AIRPORT;C-172;None;5/25/2010;301925;No;1;BUSINESS;California;Approach;Medium;Unknown bird;1713;N;2;92;0;92;1;600;80
NAPLES MUNICIPAL;DA-2000;None;01/11/2011;309907;Caused;2;BUSINESS;Florida;Approach;Large;Unknown bird;1710;N;72;0;250;250;2;650;140
DAYTONA BEACH INTL;EMB-170;None;05/09/2008;252239;No;2;REPUBLIC AIRLINES;Florida;Approach;Small;Blackpoll warbler;2345;N;1;0;216;216;1;800;145
EPPLEY AIRFIELD;RKWL SABRLNR;None;10/17/2009;267627;Caused;2;BUSINESS;Nebraska;Approach;Medium;Red-tailed hawk;1435;N;1;0;21;21;1;800;180
SALT LAKE CITY INTL;B-737-800;None;10/08/2010;308062;Caused;2;DELTA AIR LINES;Utah;Approach;Medium;Ruddy duck;2000;Y;20;0;73923;73923;4;800;150
CLEVELAND MUNICIPAL ARPT;C-172;Precautionary Landing;11/04/2010;308574;Caused;1;GOVERNMENT;Mississippi;Approach;Medium;Unknown bird;2000;N;24;0;513;513;2;800;65
FORT LAUDERDALE/HOLLYWOOD INTL;B-757-200;Precautionary Landing;12/28/2011;319574;Caused;2;DELTA AIR LINES;Florida;Climb;Large;Turkey vulture;1640;Y;48;0;0;0;1;800;180
ORMOND BEACH MUNICIPAL ARPT;PA-28;None;11/04/2009;269043;Caused;1;BUSINESS;Florida;Approach;Large;Turkey vulture;1135;Y;66;0;527;527;3;800;90
UNKNOWN;HUGHES 300;Precautionary Landing;06/03/2007;248121;Caused;1;BUSINESS;Minnesota;En Route;Large;Bald eagle;1630;N;504;0;11112;11112;3;800;70
NEW ORLEANS INTL;AGUSTA 109;Precautionary Landing;05/10/2010;300930;Caused;2;BUSINESS;Louisiana;Approach;Large;Black vulture;1600;Y;1;25668;82137;107805;5;900;120
